tfz/rules/weights,tfz/var/LeaderDistance/b,tfz/var/LeaderDistance/s0,tfz/var/LeaderDistance/s1,tfz/var/LeaderDistance/s2,tfz/var/LeaderDistance/s3,tfz/var/LeaderDistance/s4,tfz/var/LeaderDistance/s5,tfz/var/NextTLSDistance/b,tfz/var/NextTLSDistance/s0,tfz/var/NextTLSDistance/s1,tfz/var/NextTLSDistance/s2,tfz/var/NextTLSDistance/s3,tfz/var/NextTLSGreen/b,tfz/var/NextTLSGreen/s0,tfz/var/NextTLSGreen/s1,tfz/var/NextTLSRed/b,tfz/var/NextTLSRed/s0,tfz/var/NextTLSRed/s1,tfz/var/NextTLSYellow/b,tfz/var/NextTLSYellow/s0,tfz/var/NextTLSYellow/s1,tfz/var/Speed/b,tfz/var/Speed/s0,tfz/var/Speed/s1,tfz/var/Speed/s2,tfz/var/Speed/s3,tfz/var/SpeedToLeader/b,tfz/var/SpeedToLeader/s0,tfz/var/SpeedToLeader/s1,tfz/var/SpeedToLeader/s2,tfz/var/SpeedToLeader/s3
"[[[0. 0. 0. ... 0. 0. 0.]]

 [[0. 0. 0. ... 0. 0. 0.]]]",0.0,0.1428571492433548,0.1428571492433548,0.1428571492433548,0.1428571492433548,0.1428571492433548,0.1428571492433548,0.0,0.20000000298023224,0.20000000298023224,0.20000000298023224,0.20000000298023224,0.0,0.3333333432674408,0.3333333432674408,0.0,0.3333333432674408,0.3333333432674408,0.0,0.3333333432674408,0.3333333432674408,0.0,4.0,4.0,4.0,4.0,-40.0,16.0,16.0,16.0,16.0
"[[[0. 0. 0. ... 0. 0. 0.]]

 [[0. 0. 0. ... 0. 0. 0.]]]",0.0,0.19420118629932404,0.023557089269161224,-4.827452357858419e-07,0.5936372876167297,0.1999398171901703,0.18094302713871002,0.0,0.09153982251882553,0.4552115499973297,0.00018821810954250395,0.16389679908752441,0.0,0.3333333432674408,0.3333333432674408,0.0,0.3333333432674408,0.3333333432674408,0.0,0.3333333432674408,0.3333333432674408,0.0,4.595648765563965,2.949831247329712,0.00034917189623229206,5.011637210845947,-40.0,15.981962203979492,17.008991241455078,17.959564208984375,13.580904006958008
"[[[0. 0. 0. ... 0. 0. 0.]]

 [[0. 0. 0. ... 0. 0. 0.]]]",0.0,0.1942659169435501,0.02341441437602043,0.00012758097727783024,0.5971486568450928,0.1999398171901703,0.18094302713871002,0.0,0.08699960261583328,0.4577639400959015,0.0004891817807219923,0.16626988351345062,0.0,0.3333333432674408,0.3333333432674408,0.0,0.3333333432674408,0.3333333432674408,0.0,0.3333333432674408,0.3333333432674408,0.0,4.603450775146484,2.9296138286590576,0.000412439345382154,4.8907246589660645,-40.0,16.31398582458496,17.31180191040039,17.685518264770508,10.755532264709473
"[[[0. 0. 0. ... 0. 0. 0.]]

 [[0. 0. 0. ... 0. 0. 0.]]]",0.0,0.19429859519004822,0.02336595393717289,-0.0001294363901251927,0.599811851978302,0.1999398171901703,0.18094302713871002,0.0,0.08727383613586426,0.45736023783683777,-0.0001206602028105408,0.16611671447753906,0.0,0.3333333432674408,0.3333333432674408,0.0,0.3333333432674408,0.3333333432674408,0.0,0.3333333432674408,0.3333333432674408,0.0,4.593461513519287,2.9345810413360596,-0.0004514874308370054,4.92491340637207,-40.0,16.192232131958008,17.44554901123047,17.889455795288086,9.223482131958008
"[[[0. 0. 0. ... 0. 0. 0.]]

 [[0. 0. 0. ... 0. 0. 0.]]]",0.0,0.19423574209213257,0.023296913132071495,9.173672879114747e-05,0.6030979156494141,0.1999398171901703,0.18094302713871002,0.0,0.08776762336492538,0.4559435546398163,-0.0001278097042813897,0.16745024919509888,0.0,0.3333333432674408,0.3333333432674408,0.0,0.3333333432674408,0.3333333432674408,0.0,0.3333333432674408,0.3333333432674408,0.0,4.599180221557617,2.922799825668335,4.4548763980856165e-05,4.915581226348877,-40.0,16.174840927124023,17.558319091796875,18.016624450683594,7.473273277282715
"[[[0. 0. 0. ... 0. 0. 0.]]

 [[0. 0. 0. ... 0. 0. 0.]]]",0.0,0.19424398243427277,0.023320119827985764,-1.4751378330402076e-05,0.6128139495849609,0.1999398171901703,0.18094302713871002,0.0,0.08780167996883392,0.45748183131217957,-0.00025472010020166636,0.16458465158939362,0.0,0.3333333432674408,0.3333333432674408,0.0,0.3333333432674408,0.3333333432674408,0.0,0.3333333432674408,0.3333333432674408,0.0,4.6050615310668945,2.926663875579834,-0.00014618245768360794,4.919935703277588,-40.0,16.083362579345703,17.65688705444336,18.208650588989258,5.992337703704834
"[[[0. 0. 0. ... 0. 0. 0.]]

 [[0. 0. 0. ... 0. 0. 0.]]]",0.0,0.19427292048931122,0.023334985598921776,-0.00011255575373070315,0.6033177375793457,0.1999398171901703,0.18094302713871002,0.0,0.0865103080868721,0.45904794335365295,-0.00017371079593431205,0.16435714066028595,0.0,0.3333333432674408,0.3333333432674408,0.0,0.3333333432674408,0.3333333432674408,0.0,0.3333333432674408,0.3333333432674408,0.0,4.60888147354126,2.9248733520507812,-9.26442735362798e-05,4.91707706451416,-40.0,16.053911209106445,17.698150634765625,18.178447723388672,5.983903408050537
"[[[0. 0. 0. ... 0. 0. 0.]]

 [[0. 0. 0. ... 0. 0. 0.]]]",0.0,0.19429489970207214,0.023410484194755554,-0.00010529711289564148,0.6128637790679932,0.1999398171901703,0.18094302713871002,0.0,0.08470289409160614,0.4609900116920471,0.0002667996450327337,0.16417831182479858,0.0,0.3333333432674408,0.3333333432674408,0.0,0.3333333432674408,0.3333333432674408,0.0,0.3333333432674408,0.3333333432674408,0.0,4.602375507354736,2.923985004425049,-5.441610119305551e-05,4.9274821281433105,-40.0,16.032981872558594,17.746597290039062,18.169198989868164,5.982830047607422
"[[[0. 0. 0. ... 0. 0. 0.]]

 [[0. 0. 0. ... 0. 0. 0.]]]",0.0,0.19417642056941986,0.023265734314918518,7.966202974785119e-05,0.6118283867835999,0.1999398171901703,0.18094302713871002,0.0,0.08551023155450821,0.4601218104362488,8.688750676810741e-05,0.16423994302749634,0.0,0.3333333432674408,0.3333333432674408,0.0,0.3333333432674408,0.3333333432674408,0.0,0.3333333432674408,0.3333333432674408,0.0,4.602845668792725,2.928241491317749,0.0003086572978645563,4.920947551727295,-40.0,16.023645401000977,17.78240394592285,18.148948669433594,5.966163158416748
"[[[0. 0. 0. ... 0. 0. 0.]]

 [[0. 0. 0. ... 0. 0. 0.]]]",0.0,0.1942921131849289,0.023358196020126343,-0.00012235468602739275,0.6045494675636292,0.1999398171901703,0.18094302713871002,0.0,0.08512388914823532,0.46011650562286377,5.011720350012183e-05,0.16537126898765564,0.0,0.3333333432674408,0.3333333432674408,0.0,0.3333333432674408,0.3333333432674408,0.0,0.3333333432674408,0.3333333432674408,0.0,4.607437610626221,2.930014133453369,-0.0002873696794267744,4.92996883392334,-40.0,15.996624946594238,17.804046630859375,18.14052963256836,5.967871189117432
"[[[0. 0. 0. ... 0. 0. 0.]]

 [[0. 0. 0. ... 0. 0. 0.]]]",0.0,0.1942966878414154,0.023300301283597946,8.887972217053175e-05,0.6149133443832397,0.1999398171901703,0.18094302713871002,0.0,0.0856701135635376,0.45996567606925964,-3.5142526030540466e-05,0.1637738049030304,0.0,0.3333333432674408,0.3333333432674408,0.0,0.3333333432674408,0.3333333432674408,0.0,0.3333333432674408,0.3333333432674408,0.0,4.602364540100098,2.922926425933838,0.0005027006263844669,4.929431915283203,-40.0,15.997902870178223,17.830753326416016,18.130096435546875,5.984711647033691
"[[[0. 0. 0. ... 0. 0. 0.]]

 [[0. 0. 0. ... 0. 0. 0.]]]",0.0,0.19438567757606506,0.023438982665538788,-5.553081427933648e-05,0.6121891736984253,0.1999398171901703,0.18094302713871002,0.0,0.08581433445215225,0.45976027846336365,0.00014102630666457117,0.1641075760126114,0.0,0.3333333432674408,0.3333333432674408,0.0,0.3333333432674408,0.3333333432674408,0.0,0.3333333432674408,0.3333333432674408,0.0,4.602108001708984,2.9233956336975098,5.142789814271964e-05,4.938406467437744,-40.0,15.98749828338623,17.837949752807617,18.128738403320312,5.967447757720947
"[[[0. 0. 0. ... 0. 0. 0.]]

 [[0. 0. 0. ... 0. 0. 0.]]]",0.0,0.19426386058330536,0.023287443444132805,8.620874723419547e-05,0.6157528758049011,0.1999398171901703,0.18094302713871002,0.0,0.08443436026573181,0.46112605929374695,0.00021835649386048317,0.1643841713666916,0.0,0.3333333432674408,0.3333333432674408,0.0,0.3333333432674408,0.3333333432674408,0.0,0.3333333432674408,0.3333333432674408,0.0,4.6018781661987305,2.920461654663086,8.029610035009682e-05,4.921853542327881,-40.0,15.982223510742188,17.85254669189453,18.122852325439453,5.968668460845947
"[[[0. 0. 0. ... 0. 0. 0.]]

 [[0. 0. 0. ... 0. 0. 0.]]]",0.0,0.19426722824573517,0.02338363602757454,-2.9737437216681428e-05,0.609130859375,0.1999398171901703,0.18094302713871002,0.0,0.08631917089223862,0.45899271965026855,-6.519680027849972e-06,0.16443337500095367,0.0,0.3333333432674408,0.3333333432674408,0.0,0.3333333432674408,0.3333333432674408,0.0,0.3333333432674408,0.3333333432674408,0.0,4.6092915534973145,2.9272592067718506,8.648766379337758e-05,4.938012599945068,-40.0,15.980629920959473,17.861040115356445,18.107473373413086,5.97719144821167
"[[[0. 0. 0. ... 0. 0. 0.]]

 [[0. 0. 0. ... 0. 0. 0.]]]",0.0,0.19430015981197357,0.023289941251277924,-4.485002136789262e-06,0.6120080947875977,0.1999398171901703,0.18094302713871002,0.0,0.08499937504529953,0.4607081413269043,0.00032880957587622106,0.1642613261938095,0.0,0.3333333432674408,0.3333333432674408,0.0,0.3333333432674408,0.3333333432674408,0.0,0.3333333432674408,0.3333333432674408,0.0,4.602420806884766,2.9254376888275146,-0.0002713970607146621,4.932835102081299,-40.0,15.972259521484375,17.861413955688477,18.11760902404785,5.976141452789307
"[[[0. 0. 0. ... 0. 0. 0.]]

 [[0. 0. 0. ... 0. 0. 0.]]]",0.0,0.19428548216819763,0.023341041058301926,-2.4566819774918258e-05,0.6095777750015259,0.1999398171901703,0.18094302713871002,0.0,0.08633884787559509,0.459511399269104,-0.0004303888708818704,0.16401144862174988,0.0,0.3333333432674408,0.3333333432674408,0.0,0.3333333432674408,0.3333333432674408,0.0,0.3333333432674408,0.3333333432674408,0.0,4.603865146636963,2.9277443885803223,-5.878119554836303e-05,4.931150913238525,-40.0,15.965047836303711,17.85492706298828,18.120141983032227,5.9685845375061035
"[[[0. 0. 0. ... 0. 0. 0.]]

 [[0. 0. 0. ... 0. 0. 0.]]]",0.0,0.1942289024591446,0.023296084254980087,-8.592937956564128e-05,0.60991370677948,0.1999398171901703,0.18094302713871002,0.0,0.08587134629487991,0.4597639739513397,-0.0001551582245156169,0.16394177079200745,0.0,0.3333333432674408,0.3333333432674408,0.0,0.3333333432674408,0.3333333432674408,0.0,0.3333333432674408,0.3333333432674408,0.0,4.603824138641357,2.925121545791626,0.00020045351993758231,4.931484222412109,-40.0,15.974764823913574,17.855140686035156,18.121248245239258,5.974109649658203
"[[[0. 0. 0. ... 0. 0. 0.]]

 [[0. 0. 0. ... 0. 0. 0.]]]",0.0,0.19437944889068604,0.023317990824580193,-0.0001281130244024098,0.6127559542655945,0.1999398171901703,0.18094302713871002,0.0,0.08555174618959427,0.46006539463996887,8.149618224706501e-05,0.16395048797130585,0.0,0.3333333432674408,0.3333333432674408,0.0,0.3333333432674408,0.3333333432674408,0.0,0.3333333432674408,0.3333333432674408,0.0,4.60397481918335,2.9215447902679443,-8.564269228372723e-05,4.93152379989624,-40.0,15.975923538208008,17.85972785949707,18.113807678222656,5.976194381713867
"[[[0. 0. 0. ... 0. 0. 0.]]

 [[0. 0. 0. ... 0. 0. 0.]]]",0.0,0.1941882222890854,0.02301684021949768,0.00022578718198928982,0.6186270713806152,0.1999398171901703,0.18094302713871002,0.0,0.08435774594545364,0.4622926712036133,6.667296111118048e-05,0.16311883926391602,0.0,0.3333333432674408,0.3333333432674408,0.0,0.3333333432674408,0.3333333432674408,0.0,0.3333333432674408,0.3333333432674408,0.0,4.609588146209717,2.9172708988189697,0.0006420193240046501,4.937602519989014,-40.0,15.967100143432617,17.862876892089844,18.132556915283203,5.87303352355957
"[[[0. 0. 0. ... 0. 0. 0.]]

 [[0. 0. 0. ... 0. 0. 0.]]]",0.0,0.19427089393138885,0.02331298030912876,-0.0001596615184098482,0.6200653314590454,0.1999398171901703,0.18094302713871002,0.0,0.08606904000043869,0.4601164758205414,6.643098458880559e-05,0.1634465754032135,0.0,0.3333333432674408,0.3333333432674408,0.0,0.3333333432674408,0.3333333432674408,0.0,0.3333333432674408,0.3333333432674408,0.0,4.61024808883667,2.9159278869628906,-8.770465501584113e-05,4.933913230895996,-40.0,15.960723876953125,17.873924255371094,18.137939453125,5.89509391784668
"[[[0. 0. 0. ... 0. 0. 0.]]

 [[0. 0. 0. ... 0. 0. 0.]]]",0.0,0.1942267268896103,0.02323274500668049,6.553714774781838e-05,0.6179869174957275,0.1999398171901703,0.18094302713871002,0.0,0.08580975234508514,0.460114061832428,0.00011033787450287491,0.163753941655159,0.0,0.3333333432674408,0.3333333432674408,0.0,0.3333333432674408,0.3333333432674408,0.0,0.3333333432674408,0.3333333432674408,0.0,4.609596252441406,2.919179916381836,-0.00010366812057327479,4.931404113769531,-40.0,15.966240882873535,17.867250442504883,18.13126564025879,5.8947319984436035
"[[[0. 0. 0. ... 0. 0. 0.]]

 [[0. 0. 0. ... 0. 0. 0.]]]",0.0,0.1943037360906601,0.023243285715579987,-5.6441214837832376e-05,0.6179029941558838,0.1999398171901703,0.18094302713871002,0.0,0.08527419716119766,0.4615345001220703,0.0001672900834819302,0.16307944059371948,0.0,0.3333333432674408,0.3333333432674408,0.0,0.3333333432674408,0.3333333432674408,0.0,0.3333333432674408,0.3333333432674408,0.0,4.610688209533691,2.9238011837005615,0.0001266514154849574,4.945414066314697,-40.0,15.959572792053223,17.871307373046875,18.128435134887695,5.895997524261475
"[[[0. 0. 0. ... 0. 0. 0.]]

 [[0. 0. 0. ... 0. 0. 0.]]]",0.0,0.19423440098762512,0.023249831050634384,3.106286749243736e-05,0.6145210266113281,0.1999398171901703,0.18094302713871002,0.0,0.08498121052980423,0.4615555703639984,0.00021682470105588436,0.1630578637123108,0.0,0.3333333432674408,0.3333333432674408,0.0,0.3333333432674408,0.3333333432674408,0.0,0.3333333432674408,0.3333333432674408,0.0,4.610005855560303,2.918527841567993,0.0003136041050311178,4.942755699157715,-40.0,15.96030044555664,17.880971908569336,18.133729934692383,5.870944023132324
"[[[0. 0. 0. ... 0. 0. 0.]]

 [[0. 0. 0. ... 0. 0. 0.]]]",0.0,0.19425685703754425,0.023375732824206352,5.3968571592122316e-05,0.6205706596374512,0.1999398171901703,0.18094302713871002,0.0,0.0854320153594017,0.4606040120124817,0.00030938858981244266,0.1639072149991989,0.0,0.3333333432674408,0.3333333432674408,0.0,0.3333333432674408,0.3333333432674408,0.0,0.3333333432674408,0.3333333432674408,0.0,4.6077985763549805,2.9179317951202393,-0.00014681057655252516,4.940485954284668,-40.0,15.956892013549805,17.88172149658203,18.134288787841797,5.890279293060303
"[[[0. 0. 0. ... 0. 0. 0.]]

 [[0. 0. 0. ... 0. 0. 0.]]]",0.0,0.1942310929298401,0.02334209345281124,-6.871994264656678e-05,0.618171751499176,0.1999398171901703,0.18094302713871002,0.0,0.08417272567749023,0.4616636633872986,0.00022563795209862292,0.16419900953769684,0.0,0.3333333432674408,0.3333333432674408,0.0,0.3333333432674408,0.3333333432674408,0.0,0.3333333432674408,0.3333333432674408,0.0,4.6085591316223145,2.9194140434265137,-2.151684748241678e-05,4.932378768920898,-40.0,15.962749481201172,17.883316040039062,18.118648529052734,5.89879846572876
"[[[0. 0. 0. ... 0. 0. 0.]]

 [[0. 0. 0. ... 0. 0. 0.]]]",0.0,0.19441412389278412,0.02337660826742649,-4.544160037767142e-05,0.6111434698104858,0.1999398171901703,0.18094302713871002,0.0,0.08549655228853226,0.4599896967411041,-0.00010249624028801918,0.1644974797964096,0.0,0.3333333432674408,0.3333333432674408,0.0,0.3333333432674408,0.3333333432674408,0.0,0.3333333432674408,0.3333333432674408,0.0,4.610694408416748,2.913879632949829,-2.2142074158182368e-05,4.937528610229492,-40.0,15.952274322509766,17.881898880004883,18.131017684936523,5.883355140686035
"[[[0. 0. 0. ... 0. 0. 0.]]

 [[0. 0. 0. ... 0. 0. 0.]]]",0.0,0.19425266981124878,0.023282067850232124,-0.00010580912203295156,0.6090170741081238,0.1999398171901703,0.18094302713871002,0.0,0.08588859438896179,0.4596889317035675,-0.00015896940021775663,0.16431845724582672,0.0,0.3333333432674408,0.3333333432674408,0.0,0.3333333432674408,0.3333333432674408,0.0,0.3333333432674408,0.3333333432674408,0.0,4.613292217254639,2.9188270568847656,0.00026946034631691873,4.9293060302734375,-40.0,15.955676078796387,17.87860870361328,18.123048782348633,5.889016628265381
"[[[0. 0. 0. ... 0. 0. 0.]]

 [[0. 0. 0. ... 0. 0. 0.]]]",0.0,0.19440607726573944,0.023223955184221268,-3.8267040508799255e-05,0.6147400736808777,0.1999398171901703,0.18094302713871002,0.0,0.08458307385444641,0.4622117877006531,-0.0005024137790314853,0.16208809614181519,0.0,0.3333333432674408,0.3333333432674408,0.0,0.3333333432674408,0.3333333432674408,0.0,0.3333333432674408,0.3333333432674408,0.0,4.610863208770752,2.9164695739746094,-0.0002482548006810248,4.94183874130249,-40.0,15.951799392700195,17.881343841552734,18.125333786010742,5.890401363372803
"[[[0. 0. 0. ... 0. 0. 0.]]

 [[0. 0. 0. ... 0. 0. 0.]]]",0.0,0.19424308836460114,0.023287756368517876,-3.056041896343231e-05,0.6195250153541565,0.1999398171901703,0.18094302713871002,0.0,0.08592383563518524,0.4609842896461487,-1.3285825843922794e-05,0.16282206773757935,0.0,0.3333333432674408,0.3333333432674408,0.0,0.3333333432674408,0.3333333432674408,0.0,0.3333333432674408,0.3333333432674408,0.0,4.612154483795166,2.9191482067108154,0.00019087543478235602,4.94156551361084,-40.0,15.953662872314453,17.88750457763672,18.133460998535156,5.8820695877075195
"[[[0. 0. 0. ... 0. 0. 0.]]

 [[0. 0. 0. ... 0. 0. 0.]]]",0.0,0.1943759173154831,0.023428576067090034,3.0884024454280734e-05,0.6146171689033508,0.1999398171901703,0.18094302713871002,0.0,0.08632660657167435,0.4596744477748871,7.708775228820741e-05,0.16379618644714355,0.0,0.3333333432674408,0.3333333432674408,0.0,0.3333333432674408,0.3333333432674408,0.0,0.3333333432674408,0.3333333432674408,0.0,4.606122970581055,2.9199600219726562,-0.0003787515452131629,4.942248821258545,-40.0,15.951655387878418,17.886978149414062,18.12765884399414,5.897140026092529
"[[[0. 0. 0. ... 0. 0. 0.]]

 [[0. 0. 0. ... 0. 0. 0.]]]",0.0,0.19426147639751434,0.02338455617427826,0.00020373077131807804,0.6215866804122925,0.1999398171901703,0.18094302713871002,0.0,0.08459533005952835,0.4616923928260803,0.0001070145663106814,0.1635766625404358,0.0,0.3333333432674408,0.3333333432674408,0.0,0.3333333432674408,0.3333333432674408,0.0,0.3333333432674408,0.3333333432674408,0.0,4.607184410095215,2.9206736087799072,-2.3754384528729133e-05,4.94124698638916,-40.0,15.952489852905273,17.885967254638672,18.131450653076172,5.885048866271973
"[[[0. 0. 0. ... 0. 0. 0.]]

 [[0. 0. 0. ... 0. 0. 0.]]]",0.0,0.1945156455039978,0.023321878165006638,0.0001382996852044016,0.615043044090271,0.1999398171901703,0.18094302713871002,0.0,0.08556897193193436,0.460499107837677,-0.00010193942580372095,0.16409866511821747,0.0,0.3333333432674408,0.3333333432674408,0.0,0.3333333432674408,0.3333333432674408,0.0,0.3333333432674408,0.3333333432674408,0.0,4.611530303955078,2.923184871673584,-0.00021002009452786297,4.939427375793457,-40.0,15.953210830688477,17.885225296020508,18.123672485351562,5.892306327819824
"[[[0. 0. 0. ... 0. 0. 0.]]

 [[0. 0. 0. ... 0. 0. 0.]]]",0.0,0.19437836110591888,0.023259809240698814,-0.00012906453048344702,0.6204352378845215,0.1999398171901703,0.18094302713871002,0.0,0.08585203438997269,0.4605327844619751,-3.568709144019522e-05,0.16327083110809326,0.0,0.3333333432674408,0.3333333432674408,0.0,0.3333333432674408,0.3333333432674408,0.0,0.3333333432674408,0.3333333432674408,0.0,4.610919952392578,2.9175455570220947,-5.0118636863771826e-05,4.934144496917725,-40.0,15.954514503479004,17.890121459960938,18.13811683654785,5.895330429077148
"[[[0. 0. 0. ... 0. 0. 0.]]

 [[0. 0. 0. ... 0. 0. 0.]]]",0.0,0.19426284730434418,0.02332633174955845,-4.981474194210023e-05,0.6177959442138672,0.1999398171901703,0.18094302713871002,0.0,0.08464661240577698,0.46147188544273376,0.0002043280255747959,0.16311252117156982,0.0,0.3333333432674408,0.3333333432674408,0.0,0.3333333432674408,0.3333333432674408,0.0,0.3333333432674408,0.3333333432674408,0.0,4.609877109527588,2.9187300205230713,6.765744183212519e-05,4.94626522064209,-40.0,15.948801040649414,17.885974884033203,18.133289337158203,5.874699592590332
"[[[0. 0. 0. ... 0. 0. 0.]]

 [[0. 0. 0. ... 0. 0. 0.]]]",0.0,0.1943313032388687,0.023149246349930763,0.00017415978072676808,0.6180363297462463,0.1999398171901703,0.18094302713871002,0.0,0.08542968332767487,0.4613508880138397,-0.00011665620695566759,0.162896990776062,0.0,0.3333333432674408,0.3333333432674408,0.0,0.3333333432674408,0.3333333432674408,0.0,0.3333333432674408,0.3333333432674408,0.0,4.612414836883545,2.9204189777374268,4.673158400692046e-05,4.937957763671875,-40.0,15.952571868896484,17.884557723999023,18.127471923828125,5.877691745758057
"[[[0. 0. 0. ... 0. 0. 0.]]

 [[0. 0. 0. ... 0. 0. 0.]]]",0.0,0.1944371461868286,0.02335251495242119,3.582481440389529e-05,0.6133803129196167,0.1999398171901703,0.18094302713871002,0.0,0.0856628343462944,0.46048226952552795,8.861336391419172e-05,0.1633615344762802,0.0,0.3333333432674408,0.3333333432674408,0.0,0.3333333432674408,0.3333333432674408,0.0,0.3333333432674408,0.3333333432674408,0.0,4.61086368560791,2.9165453910827637,2.3213775421027094e-05,4.939342021942139,-40.0,15.944367408752441,17.88926124572754,18.12969207763672,5.8832526206970215
"[[[0. 0. 0. ... 0. 0. 0.]]

 [[0. 0. 0. ... 0. 0. 0.]]]",0.0,0.1942850947380066,0.02315341867506504,-0.00013277726247906685,0.6196282505989075,0.1999398171901703,0.18094302713871002,0.0,0.08547789603471756,0.4607001841068268,-0.00013159331865608692,0.1633627563714981,0.0,0.3333333432674408,0.3333333432674408,0.0,0.3333333432674408,0.3333333432674408,0.0,0.3333333432674408,0.3333333432674408,0.0,4.611259937286377,2.9207558631896973,-0.0003733040648512542,4.938719749450684,-40.0,15.951214790344238,17.88840675354004,18.12836265563965,5.9027838706970215
"[[[0. 0. 0. ... 0. 0. 0.]]

 [[0. 0. 0. ... 0. 0. 0.]]]",0.0,0.1944303959608078,0.023357894271612167,0.00012408886686898768,0.6172989010810852,0.1999398171901703,0.18094302713871002,0.0,0.0853990912437439,0.46050745248794556,7.491141877835616e-05,0.16350814700126648,0.0,0.3333333432674408,0.3333333432674408,0.0,0.3333333432674408,0.3333333432674408,0.0,0.3333333432674408,0.3333333432674408,0.0,4.610017776489258,2.9146358966827393,5.018441879656166e-05,4.932833194732666,-40.0,15.954351425170898,17.88809585571289,18.127534866333008,5.87344217300415
"[[[0. 0. 0. ... 0. 0. 0.]]

 [[0. 0. 0. ... 0. 0. 0.]]]",0.0,0.19432635605335236,0.023390324786305428,-0.00010676711099222302,0.61262446641922,0.1999398171901703,0.18094302713871002,0.0,0.08387894183397293,0.4617295265197754,0.00011594464012887329,0.16413399577140808,0.0,0.3333333432674408,0.3333333432674408,0.0,0.3333333432674408,0.3333333432674408,0.0,0.3333333432674408,0.3333333432674408,0.0,4.605767726898193,2.9192261695861816,-0.000544786686077714,4.942281246185303,-40.0,15.952884674072266,17.887611389160156,18.12348175048828,5.886682510375977
"[[[0. 0. 0. ... 0. 0. 0.]]

 [[0. 0. 0. ... 0. 0. 0.]]]",0.0,0.19438908994197845,0.023257996886968613,-0.00011710253602359444,0.6161549091339111,0.1999398171901703,0.18094302713871002,0.0,0.0844009593129158,0.46158674359321594,-5.944263648416381e-06,0.1639925092458725,0.0,0.3333333432674408,0.3333333432674408,0.0,0.3333333432674408,0.3333333432674408,0.0,0.3333333432674408,0.3333333432674408,0.0,4.608554840087891,2.9190313816070557,-7.100559014361352e-05,4.934715270996094,-40.0,15.946105003356934,17.878690719604492,18.13201332092285,5.8947272300720215
"[[[0. 0. 0. ... 0. 0. 0.]]

 [[0. 0. 0. ... 0. 0. 0.]]]",0.0,0.19439490139484406,0.02326882630586624,0.0001790667010936886,0.6142833232879639,0.1999398171901703,0.18094302713871002,0.0,0.08639983087778091,0.4592987596988678,8.749543485464528e-05,0.16435076296329498,0.0,0.3333333432674408,0.3333333432674408,0.0,0.3333333432674408,0.3333333432674408,0.0,0.3333333432674408,0.3333333432674408,0.0,4.611258029937744,2.9189865589141846,-0.0009485448827035725,4.926991939544678,-40.0,15.956560134887695,17.8869571685791,18.13037109375,5.907838821411133
"[[[0. 0. 0. ... 0. 0. 0.]]

 [[0. 0. 0. ... 0. 0. 0.]]]",0.0,0.19439806044101715,0.02323930896818638,3.948572702938691e-05,0.6178223490715027,0.1999398171901703,0.18094302713871002,0.0,0.08465839177370071,0.46120619773864746,-0.0006671535084024072,0.16334636509418488,0.0,0.3333333432674408,0.3333333432674408,0.0,0.3333333432674408,0.3333333432674408,0.0,0.3333333432674408,0.3333333432674408,0.0,4.610172271728516,2.91980242729187,0.0003609199193306267,4.938596248626709,-40.0,15.952178001403809,17.887287139892578,18.13534164428711,5.891753673553467
"[[[0. 0. 0. ... 0. 0. 0.]]

 [[0. 0. 0. ... 0. 0. 0.]]]",0.0,0.1941584348678589,0.023269059136509895,2.9786286177113652e-05,0.6152722239494324,0.1999398171901703,0.18094302713871002,0.0,0.08548109233379364,0.46030911803245544,0.0002780351787805557,0.16387735307216644,0.0,0.3333333432674408,0.3333333432674408,0.0,0.3333333432674408,0.3333333432674408,0.0,0.3333333432674408,0.3333333432674408,0.0,4.608616352081299,2.920710802078247,0.0008186063496395946,4.9268951416015625,-40.0,15.962494850158691,17.889080047607422,18.12088966369629,5.8973388671875
"[[[0. 0. 0. ... 0. 0. 0.]]

 [[0. 0. 0. ... 0. 0. 0.]]]",0.0,0.19455567002296448,0.023405827581882477,8.126486500259489e-05,0.6208905577659607,0.1999398171901703,0.18094302713871002,0.0,0.08646555989980698,0.45998120307922363,-0.0002478083479218185,0.16244785487651825,0.0,0.3333333432674408,0.3333333432674408,0.0,0.3333333432674408,0.3333333432674408,0.0,0.3333333432674408,0.3333333432674408,0.0,4.611299991607666,2.9186975955963135,0.0003237891069147736,4.932537078857422,-40.0,15.9552001953125,17.889944076538086,18.134220123291016,5.899013996124268
"[[[0. 0. 0. ... 0. 0. 0.]]

 [[0. 0. 0. ... 0. 0. 0.]]]",0.0,0.19438840448856354,0.023341652005910873,-0.0002034301869571209,0.6202362775802612,0.1999398171901703,0.18094302713871002,0.0,0.08533548563718796,0.460724413394928,0.0005404262919910252,0.16314688324928284,0.0,0.3333333432674408,0.3333333432674408,0.0,0.3333333432674408,0.3333333432674408,0.0,0.3333333432674408,0.3333333432674408,0.0,4.610956192016602,2.917771816253662,-0.00024807712179608643,4.939889907836914,-40.0,15.955439567565918,17.881929397583008,18.132761001586914,5.885415077209473
"[[[0. 0. 0. ... 0. 0. 0.]]

 [[0. 0. 0. ... 0. 0. 0.]]]",0.0,0.19438186287879944,0.023383326828479767,-0.00034033870906569064,0.615036129951477,0.1999398171901703,0.18094302713871002,0.0,0.0859551876783371,0.4599631130695343,4.709268978331238e-06,0.1638811081647873,0.0,0.3333333432674408,0.3333333432674408,0.0,0.3333333432674408,0.3333333432674408,0.0,0.3333333432674408,0.3333333432674408,0.0,4.609609603881836,2.9203076362609863,-0.00015628064284101129,4.936924934387207,-40.0,15.950331687927246,17.879947662353516,18.123437881469727,5.89058780670166
"[[[0. 0. 0. ... 0. 0. 0.]]

 [[0. 0. 0. ... 0. 0. 0.]]]",0.0,0.19428473711013794,0.02344607375562191,0.0003782662970479578,0.6132367253303528,0.1999398171901703,0.18094302713871002,0.0,0.08529167622327805,0.4609697759151459,-3.232092785765417e-05,0.16309469938278198,0.0,0.3333333432674408,0.3333333432674408,0.0,0.3333333432674408,0.3333333432674408,0.0,0.3333333432674408,0.3333333432674408,0.0,4.602896690368652,2.9268202781677246,0.00021560430468525738,4.937527179718018,-40.0,15.951387405395508,17.88437271118164,18.1307373046875,5.879257678985596
"[[[0. 0. 0. ... 0. 0. 0.]]

 [[0. 0. 0. ... 0. 0. 0.]]]",0.0,0.19430740177631378,0.023344410583376884,-0.00012408848851919174,0.6168724894523621,0.1999398171901703,0.18094302713871002,0.0,0.08438248932361603,0.46149253845214844,0.0004263486189302057,0.16346535086631775,0.0,0.3333333432674408,0.3333333432674408,0.0,0.3333333432674408,0.3333333432674408,0.0,0.3333333432674408,0.3333333432674408,0.0,4.607083320617676,2.9208474159240723,-1.0304647730663419e-05,4.94913387298584,-40.0,15.9576997756958,17.880388259887695,18.132780075073242,5.89283561706543
"[[[0. 0. 0. ... 0. 0. 0.]]

 [[0. 0. 0. ... 0. 0. 0.]]]",0.0,0.19409210979938507,0.02316945791244507,6.29980131634511e-05,0.6185409426689148,0.1999398171901703,0.18094302713871002,0.0,0.08616510778665543,0.45994168519973755,-0.00020011102606076747,0.16365179419517517,0.0,0.3333333432674408,0.3333333432674408,0.0,0.3333333432674408,0.3333333432674408,0.0,0.3333333432674408,0.3333333432674408,0.0,4.60870885848999,2.9202237129211426,-6.114725692896172e-05,4.936695098876953,-40.0,15.951608657836914,17.88475227355957,18.131200790405273,5.898050785064697
"[[[0. 0. 0. ... 0. 0. 0.]]

 [[0. 0. 0. ... 0. 0. 0.]]]",0.0,0.19413384795188904,0.023215290158987045,-0.00012360140681266785,0.6210489273071289,0.1999398171901703,0.18094302713871002,0.0,0.08467506617307663,0.4613804221153259,9.777632658369839e-05,0.16355513036251068,0.0,0.3333333432674408,0.3333333432674408,0.0,0.3333333432674408,0.3333333432674408,0.0,0.3333333432674408,0.3333333432674408,0.0,4.605571746826172,2.920894145965576,-0.00013989889703225344,4.9424967765808105,-40.0,15.957979202270508,17.882694244384766,18.126575469970703,5.907042026519775
"[[[0. 0. 0. ... 0. 0. 0.]]

 [[0. 0. 0. ... 0. 0. 0.]]]",0.0,0.19427964091300964,0.023028256371617317,-2.762469375738874e-05,0.6172224879264832,0.1999398171901703,0.18094302713871002,0.0,0.0852670893073082,0.4609363377094269,-0.00018495004042051733,0.16371601819992065,0.0,0.3333333432674408,0.3333333432674408,0.0,0.3333333432674408,0.3333333432674408,0.0,0.3333333432674408,0.3333333432674408,0.0,4.611005783081055,2.9164419174194336,-0.00013854549615643919,4.943604469299316,-40.0,15.955127716064453,17.876068115234375,18.13264274597168,5.883514404296875
"[[[0. 0. 0. ... 0. 0. 0.]]

 [[0. 0. 0. ... 0. 0. 0.]]]",0.0,0.1942770928144455,0.023136699572205544,0.0003085457719862461,0.6180585026741028,0.1999398171901703,0.18094302713871002,0.0,0.08590063452720642,0.46019867062568665,0.00022703349532093853,0.16374845802783966,0.0,0.3333333432674408,0.3333333432674408,0.0,0.3333333432674408,0.3333333432674408,0.0,0.3333333432674408,0.3333333432674408,0.0,4.611120223999023,2.915825843811035,0.00018923651077784598,4.9346394538879395,-40.0,15.958834648132324,17.881542205810547,18.13435935974121,5.874213218688965
"[[[0. 0. 0. ... 0. 0. 0.]]

 [[0. 0. 0. ... 0. 0. 0.]]]",0.0,0.1943468600511551,0.023359138518571854,5.0990915042348206e-05,0.6086269021034241,0.1999398171901703,0.18094302713871002,0.0,0.08602074533700943,0.4598303735256195,-7.663491123821586e-05,0.16406959295272827,0.0,0.3333333432674408,0.3333333432674408,0.0,0.3333333432674408,0.3333333432674408,0.0,0.3333333432674408,0.3333333432674408,0.0,4.6137495040893555,2.9175453186035156,-2.4463408408337273e-05,4.935826301574707,-40.0,15.951338768005371,17.875595092773438,18.1251220703125,5.907081604003906
"[[[0. 0. 0. ... 0. 0. 0.]]

 [[0. 0. 0. ... 0. 0. 0.]]]",0.0,0.19421662390232086,0.02330613322556019,3.7444835470523685e-05,0.6201462745666504,0.1999398171901703,0.18094302713871002,0.0,0.08715127408504486,0.45895662903785706,0.00038276470149867237,0.16297364234924316,0.0,0.3333333432674408,0.3333333432674408,0.0,0.3333333432674408,0.3333333432674408,0.0,0.3333333432674408,0.3333333432674408,0.0,4.611417770385742,2.9162330627441406,-4.4913191231898963e-05,4.934618949890137,-40.0,15.959731101989746,17.875972747802734,18.138731002807617,5.89088773727417
"[[[0. 0. 0. ... 0. 0. 0.]]

 [[0. 0. 0. ... 0. 0. 0.]]]",0.0,0.19430463016033173,0.023296266794204712,-0.000184366392204538,0.6159539222717285,0.1999398171901703,0.18094302713871002,0.0,0.08620677143335342,0.45996782183647156,1.2863609299529344e-05,0.16359195113182068,0.0,0.3333333432674408,0.3333333432674408,0.0,0.3333333432674408,0.3333333432674408,0.0,0.3333333432674408,0.3333333432674408,0.0,4.611076354980469,2.9163355827331543,-0.00010642219422152266,4.94313383102417,-40.0,15.951930046081543,17.87501335144043,18.13388442993164,5.892717361450195
"[[[0. 0. 0. ... 0. 0. 0.]]

 [[0. 0. 0. ... 0. 0. 0.]]]",0.0,0.19438804686069489,0.023387596011161804,8.539236296201125e-05,0.6146119832992554,0.1999398171901703,0.18094302713871002,0.0,0.08484027534723282,0.4611276686191559,0.0006396553944796324,0.1633642315864563,0.0,0.3333333432674408,0.3333333432674408,0.0,0.3333333432674408,0.3333333432674408,0.0,0.3333333432674408,0.3333333432674408,0.0,4.609967231750488,2.9182684421539307,-0.00011492672638269141,4.93771505355835,-40.0,15.952252388000488,17.874589920043945,18.128753662109375,5.903507232666016
"[[[0. 0. 0. ... 0. 0. 0.]]

 [[0. 0. 0. ... 0. 0. 0.]]]",0.0,0.19439047574996948,0.02317773923277855,0.00032312379335053265,0.6156599521636963,0.1999398171901703,0.18094302713871002,0.0,0.08571721613407135,0.46059149503707886,0.00022925907978788018,0.16349929571151733,0.0,0.3333333432674408,0.3333333432674408,0.0,0.3333333432674408,0.3333333432674408,0.0,0.3333333432674408,0.3333333432674408,0.0,4.613382339477539,2.9151597023010254,0.0001696413237368688,4.933656692504883,-40.0,15.959139823913574,17.880422592163086,18.129322052001953,5.878167152404785
"[[[0. 0. 0. ... 0. 0. 0.]]

 [[0. 0. 0. ... 0. 0. 0.]]]",0.0,0.19432590901851654,0.023440664634108543,-9.654328459873796e-05,0.6086365580558777,0.1999398171901703,0.18094302713871002,0.0,0.0849916934967041,0.4606531858444214,5.556118776439689e-05,0.164170503616333,0.0,0.3333333432674408,0.3333333432674408,0.0,0.3333333432674408,0.3333333432674408,0.0,0.3333333432674408,0.3333333432674408,0.0,4.603135585784912,2.915431499481201,-0.00020645410404540598,4.940386772155762,-40.0,15.9609956741333,17.87757110595703,18.130977630615234,5.883610725402832
"[[[0. 0. 0. ... 0. 0. 0.]]

 [[0. 0. 0. ... 0. 0. 0.]]]",0.0,0.19428642094135284,0.02330646850168705,9.388058970216662e-05,0.616284191608429,0.1999398171901703,0.18094302713871002,0.0,0.08359300345182419,0.4619417190551758,0.00014490840840153396,0.1641186624765396,0.0,0.3333333432674408,0.3333333432674408,0.0,0.3333333432674408,0.3333333432674408,0.0,0.3333333432674408,0.3333333432674408,0.0,4.610675811767578,2.915682315826416,-5.963897274341434e-05,4.9455132484436035,-40.0,15.951531410217285,17.87725257873535,18.141178131103516,5.867473602294922
"[[[0. 0. 0. ... 0. 0. 0.]]

 [[0. 0. 0. ... 0. 0. 0.]]]",0.0,0.19412344694137573,0.0231162142008543,-3.056453715544194e-05,0.6178818345069885,0.1999398171901703,0.18094302713871002,0.0,0.08639338612556458,0.45941317081451416,0.0008830066071823239,0.1629263013601303,0.0,0.3333333432674408,0.3333333432674408,0.0,0.3333333432674408,0.3333333432674408,0.0,0.3333333432674408,0.3333333432674408,0.0,4.6100239753723145,2.918088674545288,-0.00034576409962028265,4.93637752532959,-40.0,15.957146644592285,17.873451232910156,18.125972747802734,5.891827583312988
"[[[0. 0. 0. ... 0. 0. 0.]]

 [[0. 0. 0. ... 0. 0. 0.]]]",0.0,0.19424833357334137,0.023333461955189705,-2.526723619666882e-05,0.6157013177871704,0.1999398171901703,0.18094302713871002,0.0,0.08507046103477478,0.4609842002391815,6.542156916111708e-05,0.1636192500591278,0.0,0.3333333432674408,0.3333333432674408,0.0,0.3333333432674408,0.3333333432674408,0.0,0.3333333432674408,0.3333333432674408,0.0,4.610239028930664,2.917391300201416,0.00036095164250582457,4.938082695007324,-40.0,15.9483642578125,17.880361557006836,18.134872436523438,5.88490104675293
"[[[0. 0. 0. ... 0. 0. 0.]]

 [[0. 0. 0. ... 0. 0. 0.]]]",0.0,0.19441384077072144,0.02331468276679516,0.00023267671349458396,0.6172307729721069,0.1999398171901703,0.18094302713871002,0.0,0.08592262119054794,0.4605938196182251,0.00022325311147142202,0.16296005249023438,0.0,0.3333333432674408,0.3333333432674408,0.0,0.3333333432674408,0.3333333432674408,0.0,0.3333333432674408,0.3333333432674408,0.0,4.613276481628418,2.917476177215576,-1.4790668501518667e-05,4.932720184326172,-40.0,15.954566955566406,17.882524490356445,18.13205909729004,5.878524303436279
"[[[0. 0. 0. ... 0. 0. 0.]]

 [[0. 0. 0. ... 0. 0. 0.]]]",0.0,0.19456997513771057,0.023385463282465935,-0.00016458133177366108,0.6216245889663696,0.1999398171901703,0.18094302713871002,0.0,0.08555754274129868,0.461052268743515,8.716060256119817e-05,0.16297957301139832,0.0,0.3333333432674408,0.3333333432674408,0.0,0.3333333432674408,0.3333333432674408,0.0,0.3333333432674408,0.3333333432674408,0.0,4.611272811889648,2.914719581604004,0.00046401500003412366,4.93610954284668,-40.0,15.95455265045166,17.883895874023438,18.131694793701172,5.87741756439209
"[[[0. 0. 0. ... 0. 0. 0.]]

 [[0. 0. 0. ... 0. 0. 0.]]]",0.0,0.19420126080513,0.023314250633120537,8.899995009414852e-06,0.6084907054901123,0.1999398171901703,0.18094302713871002,0.0,0.0854472741484642,0.45989474654197693,-3.893973189406097e-05,0.16498719155788422,0.0,0.3333333432674408,0.3333333432674408,0.0,0.3333333432674408,0.3333333432674408,0.0,0.3333333432674408,0.3333333432674408,0.0,4.610220909118652,2.9199793338775635,-4.095499753020704e-05,4.935956954956055,-40.0,15.952982902526855,17.883163452148438,18.136676788330078,5.872041702270508
"[[[0. 0. 0. ... 0. 0. 0.]]

 [[0. 0. 0. ... 0. 0. 0.]]]",0.0,0.19429895281791687,0.02329871989786625,9.218539344146848e-05,0.6218092441558838,0.1999398171901703,0.18094302713871002,0.0,0.08406107127666473,0.462142676115036,-5.614238034468144e-06,0.16375520825386047,0.0,0.3333333432674408,0.3333333432674408,0.0,0.3333333432674408,0.3333333432674408,0.0,0.3333333432674408,0.3333333432674408,0.0,4.608151435852051,2.918820858001709,0.0001192730778711848,4.940567493438721,-40.0,15.955371856689453,17.880836486816406,18.128856658935547,5.880772590637207
"[[[0. 0. 0. ... 0. 0. 0.]]

 [[0. 0. 0. ... 0. 0. 0.]]]",0.0,0.1942308396100998,0.023239875212311745,-0.0001219211844727397,0.614450991153717,0.1999398171901703,0.18094302713871002,0.0,0.08497563749551773,0.46155935525894165,-0.0003832610382232815,0.16305705904960632,0.0,0.3333333432674408,0.3333333432674408,0.0,0.3333333432674408,0.3333333432674408,0.0,0.3333333432674408,0.3333333432674408,0.0,4.611143589019775,2.9215762615203857,-0.00019976109615527093,4.945138454437256,-40.0,15.956406593322754,17.884672164916992,18.131540298461914,5.8820271492004395
"[[[0. 0. 0. ... 0. 0. 0.]]

 [[0. 0. 0. ... 0. 0. 0.]]]",0.0,0.19437994062900543,0.023284196853637695,-0.0002106234460370615,0.6161078214645386,0.1999398171901703,0.18094302713871002,0.0,0.08714195340871811,0.45883047580718994,-9.81447083177045e-05,0.16395235061645508,0.0,0.3333333432674408,0.3333333432674408,0.0,0.3333333432674408,0.3333333432674408,0.0,0.3333333432674408,0.3333333432674408,0.0,4.610562801361084,2.919905185699463,6.970101094339043e-05,4.931699275970459,-40.0,15.951289176940918,17.876035690307617,18.129432678222656,5.891124725341797
"[[[0. 0. 0. ... 0. 0. 0.]]

 [[0. 0. 0. ... 0. 0. 0.]]]",0.0,0.19431224465370178,0.02329346537590027,7.622610428370535e-05,0.6159403324127197,0.1999398171901703,0.18094302713871002,0.0,0.08545208722352982,0.4610092341899872,0.00011138545960420743,0.16345086693763733,0.0,0.3333333432674408,0.3333333432674408,0.0,0.3333333432674408,0.3333333432674408,0.0,0.3333333432674408,0.3333333432674408,0.0,4.610514163970947,2.9153428077697754,0.0005018995725549757,4.942983150482178,-40.0,15.949868202209473,17.878219604492188,18.13692855834961,5.8768181800842285
"[[[0. 0. 0. ... 0. 0. 0.]]

 [[0. 0. 0. ... 0. 0. 0.]]]",0.0,0.19428007304668427,0.02317141182720661,0.00013173035404179245,0.6184691190719604,0.1999398171901703,0.18094302713871002,0.0,0.08483061194419861,0.46152910590171814,4.336219353717752e-05,0.16339805722236633,0.0,0.3333333432674408,0.3333333432674408,0.0,0.3333333432674408,0.3333333432674408,0.0,0.3333333432674408,0.3333333432674408,0.0,4.6091227531433105,2.9167745113372803,1.7342346836812794e-05,4.937878608703613,-40.0,15.957557678222656,17.888996124267578,18.136144638061523,5.885098457336426
"[[[0. 0. 0. ... 0. 0. 0.]]

 [[0. 0. 0. ... 0. 0. 0.]]]",0.0,0.1943117082118988,0.023344801738858223,-0.00012526489445008337,0.6218351125717163,0.1999398171901703,0.18094302713871002,0.0,0.0871533676981926,0.45939815044403076,-0.00031272199703380466,0.16271033883094788,0.0,0.3333333432674408,0.3333333432674408,0.0,0.3333333432674408,0.3333333432674408,0.0,0.3333333432674408,0.3333333432674408,0.0,4.611664772033691,2.918766975402832,6.301867688307539e-05,4.933926105499268,-40.0,15.950759887695312,17.883790969848633,18.137741088867188,5.880374431610107
"[[[0. 0. 0. ... 0. 0. 0.]]

 [[0. 0. 0. ... 0. 0. 0.]]]",0.0,0.1944122612476349,0.02320142835378647,-0.0002849084266927093,0.6195109486579895,0.1999398171901703,0.18094302713871002,0.0,0.08397989720106125,0.46175551414489746,-0.0003551500558387488,0.16407720744609833,0.0,0.3333333432674408,0.3333333432674408,0.0,0.3333333432674408,0.3333333432674408,0.0,0.3333333432674408,0.3333333432674408,0.0,4.6101274490356445,2.91426944732666,-0.00016588886501267552,4.939717769622803,-40.0,15.953947067260742,17.884231567382812,18.139158248901367,5.883067607879639
"[[[0. 0. 0. ... 0. 0. 0.]]

 [[0. 0. 0. ... 0. 0. 0.]]]",0.0,0.194391667842865,0.023277558386325836,-8.7457534391433e-05,0.6081313490867615,0.1999398171901703,0.18094302713871002,0.0,0.08552782237529755,0.4604898989200592,-0.00024589631357230246,0.16358327865600586,0.0,0.3333333432674408,0.3333333432674408,0.0,0.3333333432674408,0.3333333432674408,0.0,0.3333333432674408,0.3333333432674408,0.0,4.610454559326172,2.919522762298584,-0.000368422333849594,4.945046901702881,-40.0,15.9573974609375,17.88091278076172,18.12470245361328,5.89795446395874
"[[[0. 0. 0. ... 0. 0. 0.]]

 [[0. 0. 0. ... 0. 0. 0.]]]",0.0,0.1942630410194397,0.02323644794523716,0.00011176786938449368,0.6168845295906067,0.1999398171901703,0.18094302713871002,0.0,0.08396158367395401,0.4615810215473175,-0.0007437884341925383,0.16375157237052917,0.0,0.3333333432674408,0.3333333432674408,0.0,0.3333333432674408,0.3333333432674408,0.0,0.3333333432674408,0.3333333432674408,0.0,4.6090216636657715,2.9183082580566406,0.00017169963393826038,4.937937259674072,-40.0,15.960132598876953,17.884300231933594,18.126134872436523,5.897231578826904
"[[[0. 0. 0. ... 0. 0. 0.]]

 [[0. 0. 0. ... 0. 0. 0.]]]",0.0,0.19427549839019775,0.02329547330737114,-0.00023036287166178226,0.6184309720993042,0.1999398171901703,0.18094302713871002,0.0,0.08477339148521423,0.4620912969112396,2.2149266442283988e-05,0.1626266986131668,0.0,0.3333333432674408,0.3333333432674408,0.0,0.3333333432674408,0.3333333432674408,0.0,0.3333333432674408,0.3333333432674408,0.0,4.60767936706543,2.916978597640991,-0.0002951740170828998,4.94116735458374,-40.0,15.954605102539062,17.887096405029297,18.12911605834961,5.887270927429199
"[[[0. 0. 0. ... 0. 0. 0.]]

 [[0. 0. 0. ... 0. 0. 0.]]]",0.0,0.19429130852222443,0.023341644555330276,6.8441659095697105e-06,0.6133040189743042,0.1999398171901703,0.18094302713871002,0.0,0.08623244613409042,0.45923706889152527,-0.0003297249204479158,0.16390277445316315,0.0,0.3333333432674408,0.3333333432674408,0.0,0.3333333432674408,0.3333333432674408,0.0,0.3333333432674408,0.3333333432674408,0.0,4.608857154846191,2.9192419052124023,3.9351296436507255e-05,4.929580211639404,-40.0,15.95623779296875,17.88344955444336,18.127729415893555,5.893025875091553
"[[[0. 0. 0. ... 0. 0. 0.]]

 [[0. 0. 0. ... 0. 0. 0.]]]",0.0,0.19429489970207214,0.023358900099992752,-0.00017034266784321517,0.6199332475662231,0.1999398171901703,0.18094302713871002,0.0,0.08413472026586533,0.46235519647598267,-0.0001181893385364674,0.1631457805633545,0.0,0.3333333432674408,0.3333333432674408,0.0,0.3333333432674408,0.3333333432674408,0.0,0.3333333432674408,0.3333333432674408,0.0,4.608466625213623,2.9203031063079834,0.00011747673852369189,4.940500736236572,-40.0,15.955827713012695,17.88309669494629,18.134416580200195,5.881401538848877
"[[[0. 0. 0. ... 0. 0. 0.]]

 [[0. 0. 0. ... 0. 0. 0.]]]",0.0,0.19438552856445312,0.023389607667922974,4.32391680078581e-05,0.6174584031105042,0.1999398171901703,0.18094302713871002,0.0,0.0850740596652031,0.46087366342544556,-0.00012800795957446098,0.16371475160121918,0.0,0.3333333432674408,0.3333333432674408,0.0,0.3333333432674408,0.3333333432674408,0.0,0.3333333432674408,0.3333333432674408,0.0,4.609833240509033,2.9202396869659424,-0.000259283697232604,4.937810897827148,-40.0,15.956588745117188,17.87986183166504,18.13121223449707,5.863885879516602
"[[[0. 0. 0. ... 0. 0. 0.]]

 [[0. 0. 0. ... 0. 0. 0.]]]",0.0,0.1945481151342392,0.023439446464180946,5.3637733799405396e-05,0.6195385456085205,0.1999398171901703,0.18094302713871002,0.0,0.08519942313432693,0.46053487062454224,0.00013854762073606253,0.16401353478431702,0.0,0.3333333432674408,0.3333333432674408,0.0,0.3333333432674408,0.3333333432674408,0.0,0.3333333432674408,0.3333333432674408,0.0,4.60939884185791,2.917846441268921,-0.00014601834118366241,4.936702728271484,-40.0,15.958105087280273,17.87704849243164,18.132604598999023,5.885696887969971
"[[[0. 0. 0. ... 0. 0. 0.]]

 [[0. 0. 0. ... 0. 0. 0.]]]",0.0,0.19422602653503418,0.023161014541983604,0.00031745043816044927,0.6183257102966309,0.1999398171901703,0.18094302713871002,0.0,0.08388204127550125,0.4617844521999359,0.00041197490645572543,0.1635228842496872,0.0,0.3333333432674408,0.3333333432674408,0.0,0.3333333432674408,0.3333333432674408,0.0,0.3333333432674408,0.3333333432674408,0.0,4.607855796813965,2.9174084663391113,-0.0001203601059387438,4.9343767166137695,-40.0,15.964652061462402,17.880287170410156,18.123817443847656,5.896592617034912
"[[[0. 0. 0. ... 0. 0. 0.]]

 [[0. 0. 0. ... 0. 0. 0.]]]",0.0,0.19438394904136658,0.02312934584915638,0.00010307937191100791,0.6126153469085693,0.1999398171901703,0.18094302713871002,0.0,0.08701829612255096,0.45961663126945496,-1.5684163372498006e-06,0.1633141040802002,0.0,0.3333333432674408,0.3333333432674408,0.0,0.3333333432674408,0.3333333432674408,0.0,0.3333333432674408,0.3333333432674408,0.0,4.613307476043701,2.9196674823760986,0.000217832945054397,4.932803630828857,-40.0,15.954336166381836,17.875465393066406,18.128231048583984,5.874390125274658
"[[[0. 0. 0. ... 0. 0. 0.]]

 [[0. 0. 0. ... 0. 0. 0.]]]",0.0,0.19424565136432648,0.023309409618377686,0.00015851545322220773,0.6121585965156555,0.1999398171901703,0.18094302713871002,0.0,0.08583039045333862,0.4595235288143158,0.00015177964814938605,0.16431207954883575,0.0,0.3333333432674408,0.3333333432674408,0.0,0.3333333432674408,0.3333333432674408,0.0,0.3333333432674408,0.3333333432674408,0.0,4.607929706573486,2.9175198078155518,-5.840857920702547e-05,4.936586380004883,-40.0,15.960938453674316,17.87853240966797,18.126008987426758,5.889156341552734
"[[[0. 0. 0. ... 0. 0. 0.]]

 [[0. 0. 0. ... 0. 0. 0.]]]",0.0,0.1943158507347107,0.023297347128391266,-0.0001277560368180275,0.6179903745651245,0.1999398171901703,0.18094302713871002,0.0,0.0852057933807373,0.46145302057266235,9.828181646298617e-05,0.16338896751403809,0.0,0.3333333432674408,0.3333333432674408,0.0,0.3333333432674408,0.3333333432674408,0.0,0.3333333432674408,0.3333333432674408,0.0,4.610605716705322,2.916327476501465,-6.566963566001505e-05,4.943799018859863,-40.0,15.954073905944824,17.873668670654297,18.136159896850586,5.87352180480957
"[[[0. 0. 0. ... 0. 0. 0.]]

 [[0. 0. 0. ... 0. 0. 0.]]]",0.0,0.19422851502895355,0.023202255368232727,-0.0002325769601156935,0.6170194149017334,0.1999398171901703,0.18094302713871002,0.0,0.08510903269052505,0.46062183380126953,7.031702989479527e-05,0.1640370935201645,0.0,0.3333333432674408,0.3333333432674408,0.0,0.3333333432674408,0.3333333432674408,0.0,0.3333333432674408,0.3333333432674408,0.0,4.607360363006592,2.9173009395599365,-0.00010387675138190389,4.934314250946045,-40.0,15.962761878967285,17.869667053222656,18.130706787109375,5.905298709869385
"[[[0. 0. 0. ... 0. 0. 0.]]

 [[0. 0. 0. ... 0. 0. 0.]]]",0.0,0.19443266093730927,0.02324843779206276,7.233806536532938e-05,0.6186873912811279,0.1999398171901703,0.18094302713871002,0.0,0.08416920155286789,0.46223634481430054,-4.0638486098032445e-05,0.16317515075206757,0.0,0.3333333432674408,0.3333333432674408,0.0,0.3333333432674408,0.3333333432674408,0.0,0.3333333432674408,0.3333333432674408,0.0,4.611637592315674,2.916668176651001,-0.0008919871761463583,4.942793369293213,-40.0,15.956603050231934,17.874902725219727,18.131689071655273,5.876806259155273
"[[[0. 0. 0. ... 0. 0. 0.]]

 [[0. 0. 0. ... 0. 0. 0.]]]",0.0,0.19428126513957977,0.023193571716547012,-0.0002755559980869293,0.6161125898361206,0.1999398171901703,0.18094302713871002,0.0,0.0852903351187706,0.46085911989212036,-9.150362166110426e-05,0.1635761559009552,0.0,0.3333333432674408,0.3333333432674408,0.0,0.3333333432674408,0.3333333432674408,0.0,0.3333333432674408,0.3333333432674408,0.0,4.610732555389404,2.9172263145446777,-0.0003183542867191136,4.936905384063721,-40.0,15.958950996398926,17.884403228759766,18.130413055419922,5.878607749938965
"[[[0. 0. 0. ... 0. 0. 0.]]

 [[0. 0. 0. ... 0. 0. 0.]]]",0.0,0.19432179629802704,0.023294853046536446,6.4449118326592725e-06,0.615128755569458,0.1999398171901703,0.18094302713871002,0.0,0.0845751091837883,0.461143434047699,-2.7432397473603487e-05,0.1643810272216797,0.0,0.3333333432674408,0.3333333432674408,0.0,0.3333333432674408,0.3333333432674408,0.0,0.3333333432674408,0.3333333432674408,0.0,4.606140613555908,2.9210803508758545,-0.0007484006928279996,4.942349910736084,-40.0,15.954791069030762,17.8835506439209,18.129432678222656,5.893348217010498
"[[[0. 0. 0. ... 0. 0. 0.]]

 [[0. 0. 0. ... 0. 0. 0.]]]",0.0,0.19418491423130035,0.023236418142914772,1.4852717868052423e-05,0.6208363175392151,0.1999398171901703,0.18094302713871002,0.0,0.08401765674352646,0.4620007276535034,-0.00020109902834519744,0.16366249322891235,0.0,0.3333333432674408,0.3333333432674408,0.0,0.3333333432674408,0.3333333432674408,0.0,0.3333333432674408,0.3333333432674408,0.0,4.607662677764893,2.917421817779541,0.0004420703917276114,4.943915367126465,-40.0,15.953463554382324,17.88563346862793,18.135221481323242,5.881433486938477
"[[[0. 0. 0. ... 0. 0. 0.]]

 [[0. 0. 0. ... 0. 0. 0.]]]",0.0,0.19419191777706146,0.023292958736419678,7.73300853325054e-05,0.6168534159660339,0.1999398171901703,0.18094302713871002,0.0,0.08431771397590637,0.46086934208869934,0.0001623502466827631,0.16439199447631836,0.0,0.3333333432674408,0.3333333432674408,0.0,0.3333333432674408,0.3333333432674408,0.0,0.3333333432674408,0.3333333432674408,0.0,4.603585243225098,2.9196646213531494,0.00033288911799900234,4.951120853424072,-40.0,15.957709312438965,17.888553619384766,18.12794303894043,5.898451805114746
"[[[0. 0. 0. ... 0. 0. 0.]]

 [[0. 0. 0. ... 0. 0. 0.]]]",0.0,0.19434501230716705,0.02335134521126747,-7.099291542544961e-05,0.617997407913208,0.1999398171901703,0.18094302713871002,0.0,0.08560633659362793,0.460234135389328,-1.440249070583377e-05,0.16445733606815338,0.0,0.3333333432674408,0.3333333432674408,0.0,0.3333333432674408,0.3333333432674408,0.0,0.3333333432674408,0.3333333432674408,0.0,4.611841201782227,2.9189488887786865,0.0005354189197532833,4.9365458488464355,-40.0,15.948874473571777,17.88495445251465,18.136672973632812,5.8826680183410645
"[[[0. 0. 0. ... 0. 0. 0.]]

 [[0. 0. 0. ... 0. 0. 0.]]]",0.0,0.19426807761192322,0.02322370931506157,-7.592020119773224e-05,0.6177704930305481,0.1999398171901703,0.18094302713871002,0.0,0.08456141501665115,0.460976779460907,5.026684084441513e-05,0.16434480249881744,0.0,0.3333333432674408,0.3333333432674408,0.0,0.3333333432674408,0.3333333432674408,0.0,0.3333333432674408,0.3333333432674408,0.0,4.610058784484863,2.9149715900421143,3.5715704143512994e-05,4.93881893157959,-40.0,15.952098846435547,17.887224197387695,18.129724502563477,5.875813007354736
"[[[0. 0. 0. ... 0. 0. 0.]]

 [[0. 0. 0. ... 0. 0. 0.]]]",0.0,0.19429205358028412,0.023183396086096764,9.00430022738874e-05,0.6125187277793884,0.1999398171901703,0.18094302713871002,0.0,0.0861189141869545,0.46060314774513245,8.968696056399494e-05,0.16278041899204254,0.0,0.3333333432674408,0.3333333432674408,0.0,0.3333333432674408,0.3333333432674408,0.0,0.3333333432674408,0.3333333432674408,0.0,4.610212326049805,2.920410394668579,-0.0003119538305327296,4.9387359619140625,-40.0,15.9507474899292,17.881675720214844,18.130321502685547,5.880640983581543
"[[[0. 0. 0. ... 0. 0. 0.]]

 [[0. 0. 0. ... 0. 0. 0.]]]",0.0,0.19433146715164185,0.023322226479649544,-0.00011596555123105645,0.6182569861412048,0.1999398171901703,0.18094302713871002,0.0,0.0850219652056694,0.4619164764881134,-7.034202280919999e-05,0.16242754459381104,0.0,0.3333333432674408,0.3333333432674408,0.0,0.3333333432674408,0.3333333432674408,0.0,0.3333333432674408,0.3333333432674408,0.0,4.6102166175842285,2.917494297027588,-0.00011570643255254254,4.9427337646484375,-40.0,15.947574615478516,17.88473892211914,18.135696411132812,5.87688684463501
"[[[0. 0. 0. ... 0. 0. 0.]]

 [[0. 0. 0. ... 0. 0. 0.]]]",0.0,0.19441671669483185,0.02321767248213291,-0.000102778802101966,0.6214754581451416,0.1999398171901703,0.18094302713871002,0.0,0.08489031344652176,0.46175533533096313,-0.0001380286703351885,0.16299228370189667,0.0,0.3333333432674408,0.3333333432674408,0.0,0.3333333432674408,0.3333333432674408,0.0,0.3333333432674408,0.3333333432674408,0.0,4.610360145568848,2.9174342155456543,4.264392191544175e-05,4.935579776763916,-40.0,15.95133113861084,17.884347915649414,18.133079528808594,5.8716630935668945
"[[[0. 0. 0. ... 0. 0. 0.]]

 [[0. 0. 0. ... 0. 0. 0.]]]",0.0,0.19446580111980438,0.02335634082555771,-5.94772063777782e-05,0.6154751777648926,0.1999398171901703,0.18094302713871002,0.0,0.08505772799253464,0.4603625535964966,0.00041091753519140184,0.16433744132518768,0.0,0.3333333432674408,0.3333333432674408,0.0,0.3333333432674408,0.3333333432674408,0.0,0.3333333432674408,0.3333333432674408,0.0,4.611402988433838,2.915207624435425,-2.5877390726236627e-05,4.936399459838867,-40.0,15.952300071716309,17.88218116760254,18.13450050354004,5.897974014282227
"[[[0. 0. 0. ... 0. 0. 0.]]

 [[0. 0. 0. ... 0. 0. 0.]]]",0.0,0.1943669319152832,0.023349018767476082,-0.00010010823461925611,0.6164650917053223,0.1999398171901703,0.18094302713871002,0.0,0.0859713926911354,0.46017470955848694,-0.00010039025801233947,0.1636859029531479,0.0,0.3333333432674408,0.3333333432674408,0.0,0.3333333432674408,0.3333333432674408,0.0,0.3333333432674408,0.3333333432674408,0.0,4.610640525817871,2.918344736099243,-0.0002642488689161837,4.936115264892578,-40.0,15.951095581054688,17.886653900146484,18.139427185058594,5.874364852905273
"[[[0. 0. 0. ... 0. 0. 0.]]

 [[0. 0. 0. ... 0. 0. 0.]]]",0.0,0.1943025141954422,0.023192474618554115,-6.0084188589826226e-05,0.6156338453292847,0.1999398171901703,0.18094302713871002,0.0,0.08461648970842361,0.4618486166000366,0.00020183062588330358,0.16274988651275635,0.0,0.3333333432674408,0.3333333432674408,0.0,0.3333333432674408,0.3333333432674408,0.0,0.3333333432674408,0.3333333432674408,0.0,4.6082258224487305,2.9183571338653564,-0.0002578949788585305,4.939630031585693,-40.0,15.952914237976074,17.888202667236328,18.13030242919922,5.885605812072754
"[[[0. 0. 0. ... 0. 0. 0.]]

 [[0. 0. 0. ... 0. 0. 0.]]]",0.0,0.1941845715045929,0.023249218240380287,-2.8067806852050126e-06,0.6159819960594177,0.1999398171901703,0.18094302713871002,0.0,0.08684797585010529,0.459278404712677,0.00017158346599899232,0.16336476802825928,0.0,0.3333333432674408,0.3333333432674408,0.0,0.3333333432674408,0.3333333432674408,0.0,0.3333333432674408,0.3333333432674408,0.0,4.609243869781494,2.9192960262298584,0.00011926352453883737,4.93367862701416,-40.0,15.955011367797852,17.887218475341797,18.123607635498047,5.898169994354248
"[[[0. 0. 0. ... 0. 0. 0.]]

 [[0. 0. 0. ... 0. 0. 0.]]]",0.0,0.19453442096710205,0.023265298455953598,-0.00017753691645339131,0.6120895743370056,0.1999398171901703,0.18094302713871002,0.0,0.08477403968572617,0.4605119228363037,0.00011739991168724373,0.16410018503665924,0.0,0.3333333432674408,0.3333333432674408,0.0,0.3333333432674408,0.3333333432674408,0.0,0.3333333432674408,0.3333333432674408,0.0,4.606379508972168,2.917607545852661,-0.00030882481951266527,4.936748504638672,-40.0,15.954998970031738,17.886051177978516,18.12872314453125,5.890822887420654
"[[[0. 0. 0. ... 0. 0. 0.]]

 [[0. 0. 0. ... 0. 0. 0.]]]",0.0,0.1944858431816101,0.023169610649347305,-5.313668953021988e-05,0.6209355592727661,0.1999398171901703,0.18094302713871002,0.0,0.08592160791158676,0.4599243402481079,-0.0003078514419030398,0.16316522657871246,0.0,0.3333333432674408,0.3333333432674408,0.0,0.3333333432674408,0.3333333432674408,0.0,0.3333333432674408,0.3333333432674408,0.0,4.611050605773926,2.9148948192596436,-0.0006067656213417649,4.932158470153809,-40.0,15.958291053771973,17.893285751342773,18.131725311279297,5.890823841094971
"[[[0. 0. 0. ... 0. 0. 0.]]

 [[0. 0. 0. ... 0. 0. 0.]]]",0.0,0.194344162940979,0.023297160863876343,2.6523244741838425e-05,0.6117216944694519,0.1999398171901703,0.18094302713871002,0.0,0.084500752389431,0.46081075072288513,0.0003450428484939039,0.16423916816711426,0.0,0.3333333432674408,0.3333333432674408,0.0,0.3333333432674408,0.3333333432674408,0.0,0.3333333432674408,0.3333333432674408,0.0,4.606826305389404,2.9167873859405518,-0.0004382326442282647,4.938486099243164,-40.0,15.952164649963379,17.887296676635742,18.11983871459961,5.885659217834473
