tfz/rules/weights,tfz/var/LeaderDistance/b,tfz/var/LeaderDistance/s0,tfz/var/LeaderDistance/s1,tfz/var/LeaderDistance/s2,tfz/var/LeaderDistance/s3,tfz/var/NextTLSDistance/b,tfz/var/NextTLSDistance/s0,tfz/var/NextTLSDistance/s1,tfz/var/NextTLSDistance/s2,tfz/var/NextTLSDistance/s3,tfz/var/NextTLSGreen/b,tfz/var/NextTLSGreen/s0,tfz/var/NextTLSGreen/s1,tfz/var/NextTLSRed/b,tfz/var/NextTLSRed/s0,tfz/var/NextTLSRed/s1,tfz/var/NextTLSYellow/b,tfz/var/NextTLSYellow/s0,tfz/var/NextTLSYellow/s1,tfz/var/Speed/b,tfz/var/Speed/s0,tfz/var/Speed/s1,tfz/var/Speed/s2,tfz/var/Speed/s3,tfz/var/SpeedToLeader/b,tfz/var/SpeedToLeader/s0,tfz/var/SpeedToLeader/s1,tfz/var/SpeedToLeader/s2,tfz/var/SpeedToLeader/s3
"[[[0. 0. 0. ... 0. 0. 0.]]

 [[0. 0. 0. ... 0. 0. 0.]]]",0.0,0.20000000298023224,0.20000000298023224,0.20000000298023224,0.20000000298023224,0.0,0.20000000298023224,0.20000000298023224,0.20000000298023224,0.20000000298023224,0.0,0.3333333432674408,0.3333333432674408,0.0,0.3333333432674408,0.3333333432674408,0.0,0.3333333432674408,0.3333333432674408,0.0,4.0,4.0,4.0,4.0,-40.0,16.0,16.0,16.0,16.0
"[[[0. 0. 0. ... 0. 0. 0.]]

 [[0. 0. 0. ... 0. 0. 0.]]]",0.0,0.20000000298023224,0.20000000298023224,0.20000000298023224,0.20000000298023224,0.0,0.20000000298023224,0.20000000298023224,0.20000000298023224,0.20000000298023224,0.0,0.3333333432674408,0.3333333432674408,0.0,0.3333333432674408,0.3333333432674408,0.0,0.3333333432674408,0.3333333432674408,0.0,4.0,4.0,4.0,4.0,-40.0,16.0,16.0,16.0,16.0
"[[[0. 0. 0. ... 0. 0. 0.]]

 [[0. 0. 0. ... 0. 0. 0.]]]",0.0,0.20000000298023224,0.20000000298023224,0.20000000298023224,0.20000000298023224,0.0,0.20000000298023224,0.20000000298023224,0.20000000298023224,0.20000000298023224,0.0,0.3333333432674408,0.3333333432674408,0.0,0.3333333432674408,0.3333333432674408,0.0,0.3333333432674408,0.3333333432674408,0.0,4.0,4.0,4.0,4.0,-40.0,16.0,16.0,16.0,16.0
"[[[0. 0. 0. ... 0. 0. 0.]]

 [[0. 0. 0. ... 0. 0. 0.]]]",0.0,0.20000000298023224,0.20000000298023224,0.20000000298023224,0.20000000298023224,0.0,0.20000000298023224,0.20000000298023224,0.20000000298023224,0.20000000298023224,0.0,0.3333333432674408,0.3333333432674408,0.0,0.3333333432674408,0.3333333432674408,0.0,0.3333333432674408,0.3333333432674408,0.0,4.0,4.0,4.0,4.0,-40.0,16.0,16.0,16.0,16.0
"[[[0. 0. 0. ... 0. 0. 0.]]

 [[0. 0. 0. ... 0. 0. 0.]]]",0.0,0.20000000298023224,0.20000000298023224,0.20000000298023224,0.20000000298023224,0.0,0.20000000298023224,0.20000000298023224,0.20000000298023224,0.20000000298023224,0.0,0.3333333432674408,0.3333333432674408,0.0,0.3333333432674408,0.3333333432674408,0.0,0.3333333432674408,0.3333333432674408,0.0,4.0,4.0,4.0,4.0,-40.0,16.0,16.0,16.0,16.0
"[[[0. 0. 0. ... 0. 0. 0.]]

 [[0. 0. 0. ... 0. 0. 0.]]]",0.0,0.19440977275371552,0.21467188000679016,0.19954068958759308,0.18050873279571533,0.0,0.1648862659931183,0.30889615416526794,0.12344896793365479,0.20518776774406433,0.0,0.3333333432674408,0.3333333432674408,0.0,0.3333333432674408,0.3333333432674408,0.0,0.3333333432674408,0.3333333432674408,0.0,3.975731134414673,4.029952049255371,4.0,4.0,-40.0,15.522068977355957,16.034475326538086,16.74510955810547,15.363373756408691
"[[[0. 0. 0. ... 0. 0. 0.]]

 [[0. 0. 0. ... 0. 0. 0.]]]",0.0,0.19440977275371552,0.21467188000679016,0.19954068958759308,0.18050873279571533,0.0,0.1648862659931183,0.30889615416526794,0.12344896793365479,0.20518776774406433,0.0,0.3333333432674408,0.3333333432674408,0.0,0.3333333432674408,0.3333333432674408,0.0,0.3333333432674408,0.3333333432674408,0.0,3.975731134414673,4.029952049255371,4.0,4.0,-40.0,15.522068977355957,16.034475326538086,16.74510955810547,15.363373756408691
"[[[0. 0. 0. ... 0. 0. 0.]]

 [[0. 0. 0. ... 0. 0. 0.]]]",0.0,0.19440977275371552,0.21467188000679016,0.19954068958759308,0.18050873279571533,0.0,0.1648862659931183,0.30889615416526794,0.12344896793365479,0.20518776774406433,0.0,0.3333333432674408,0.3333333432674408,0.0,0.3333333432674408,0.3333333432674408,0.0,0.3333333432674408,0.3333333432674408,0.0,3.975731134414673,4.029952049255371,4.0,4.0,-40.0,15.522068977355957,16.034475326538086,16.74510955810547,15.363373756408691
"[[[0. 0. 0. ... 0. 0. 0.]]

 [[0. 0. 0. ... 0. 0. 0.]]]",0.0,0.19440977275371552,0.21467188000679016,0.19954068958759308,0.18050873279571533,0.0,0.1648862659931183,0.30889615416526794,0.12344896793365479,0.20518776774406433,0.0,0.3333333432674408,0.3333333432674408,0.0,0.3333333432674408,0.3333333432674408,0.0,0.3333333432674408,0.3333333432674408,0.0,3.975731134414673,4.029952049255371,4.0,4.0,-40.0,15.522068977355957,16.034475326538086,16.74510955810547,15.363373756408691
"[[[0. 0. 0. ... 0. 0. 0.]]

 [[0. 0. 0. ... 0. 0. 0.]]]",0.0,0.19440977275371552,0.21467188000679016,0.19954068958759308,0.18050873279571533,0.0,0.1648862659931183,0.30889615416526794,0.12344896793365479,0.20518776774406433,0.0,0.3333333432674408,0.3333333432674408,0.0,0.3333333432674408,0.3333333432674408,0.0,0.3333333432674408,0.3333333432674408,0.0,3.975731134414673,4.029952049255371,4.0,4.0,-40.0,15.522068977355957,16.034475326538086,16.74510955810547,15.363373756408691
"[[[0. 0. 0. ... 0. 0. 0.]]

 [[0. 0. 0. ... 0. 0. 0.]]]",0.0,0.18517723679542542,0.24536775052547455,0.24270762503147125,0.05165936052799225,0.0,0.15994104743003845,0.33422842621803284,0.10414676368236542,0.2041691094636917,0.0,0.3333333432674408,0.3333333432674408,0.0,0.3333333432674408,0.3333333432674408,0.0,0.3333333432674408,0.3333333432674408,0.0,3.8521487712860107,4.273496627807617,4.0,4.0,-40.0,15.565385818481445,15.476290702819824,17.197086334228516,15.545656204223633
"[[[0. 0. 0. ... 0. 0. 0.]]

 [[0. 0. 0. ... 0. 0. 0.]]]",0.0,0.18517723679542542,0.24536775052547455,0.24270762503147125,0.05165936052799225,0.0,0.15994104743003845,0.33422842621803284,0.10414676368236542,0.2041691094636917,0.0,0.3333333432674408,0.3333333432674408,0.0,0.3333333432674408,0.3333333432674408,0.0,0.3333333432674408,0.3333333432674408,0.0,3.8521487712860107,4.273496627807617,4.0,4.0,-40.0,15.565385818481445,15.476290702819824,17.197086334228516,15.545656204223633
"[[[0. 0. 0. ... 0. 0. 0.]]

 [[0. 0. 0. ... 0. 0. 0.]]]",0.0,0.18517723679542542,0.24536775052547455,0.24270762503147125,0.05165936052799225,0.0,0.15994104743003845,0.33422842621803284,0.10414676368236542,0.2041691094636917,0.0,0.3333333432674408,0.3333333432674408,0.0,0.3333333432674408,0.3333333432674408,0.0,0.3333333432674408,0.3333333432674408,0.0,3.8521487712860107,4.273496627807617,4.0,4.0,-40.0,15.565385818481445,15.476290702819824,17.197086334228516,15.545656204223633
"[[[0. 0. 0. ... 0. 0. 0.]]

 [[0. 0. 0. ... 0. 0. 0.]]]",0.0,0.18517723679542542,0.24536775052547455,0.24270762503147125,0.05165936052799225,0.0,0.15994104743003845,0.33422842621803284,0.10414676368236542,0.2041691094636917,0.0,0.3333333432674408,0.3333333432674408,0.0,0.3333333432674408,0.3333333432674408,0.0,0.3333333432674408,0.3333333432674408,0.0,3.8521487712860107,4.273496627807617,4.0,4.0,-40.0,15.565385818481445,15.476290702819824,17.197086334228516,15.545656204223633
"[[[0. 0. 0. ... 0. 0. 0.]]

 [[0. 0. 0. ... 0. 0. 0.]]]",0.0,0.18517723679542542,0.24536775052547455,0.24270762503147125,0.05165936052799225,0.0,0.15994104743003845,0.33422842621803284,0.10414676368236542,0.2041691094636917,0.0,0.3333333432674408,0.3333333432674408,0.0,0.3333333432674408,0.3333333432674408,0.0,0.3333333432674408,0.3333333432674408,0.0,3.8521487712860107,4.273496627807617,4.0,4.0,-40.0,15.565385818481445,15.476290702819824,17.197086334228516,15.545656204223633
"[[[0. 0. 0. ... 0. 0. 0.]]

 [[0. 0. 0. ... 0. 0. 0.]]]",0.0,0.17394232749938965,0.2764417827129364,0.22745852172374725,0.042313750833272934,0.0,0.15730232000350952,0.3575011193752289,0.0843760296702385,0.20250999927520752,0.0,0.3333333432674408,0.3333333432674408,0.0,0.3333333432674408,0.3333333432674408,0.0,0.3333333432674408,0.3333333432674408,0.0,3.576133966445923,4.776358127593994,4.0,4.0,-40.0,15.499622344970703,15.216242790222168,17.173057556152344,16.097211837768555
"[[[0. 0. 0. ... 0. 0. 0.]]

 [[0. 0. 0. ... 0. 0. 0.]]]",0.0,0.17394232749938965,0.2764417827129364,0.22745852172374725,0.042313750833272934,0.0,0.15730232000350952,0.3575011193752289,0.0843760296702385,0.20250999927520752,0.0,0.3333333432674408,0.3333333432674408,0.0,0.3333333432674408,0.3333333432674408,0.0,0.3333333432674408,0.3333333432674408,0.0,3.576133966445923,4.776358127593994,4.0,4.0,-40.0,15.499622344970703,15.216242790222168,17.173057556152344,16.097211837768555
"[[[0. 0. 0. ... 0. 0. 0.]]

 [[0. 0. 0. ... 0. 0. 0.]]]",0.0,0.17394232749938965,0.2764417827129364,0.22745852172374725,0.042313750833272934,0.0,0.15730232000350952,0.3575011193752289,0.0843760296702385,0.20250999927520752,0.0,0.3333333432674408,0.3333333432674408,0.0,0.3333333432674408,0.3333333432674408,0.0,0.3333333432674408,0.3333333432674408,0.0,3.576133966445923,4.776358127593994,4.0,4.0,-40.0,15.499622344970703,15.216242790222168,17.173057556152344,16.097211837768555
"[[[0. 0. 0. ... 0. 0. 0.]]

 [[0. 0. 0. ... 0. 0. 0.]]]",0.0,0.17394232749938965,0.2764417827129364,0.22745852172374725,0.042313750833272934,0.0,0.15730232000350952,0.3575011193752289,0.0843760296702385,0.20250999927520752,0.0,0.3333333432674408,0.3333333432674408,0.0,0.3333333432674408,0.3333333432674408,0.0,0.3333333432674408,0.3333333432674408,0.0,3.576133966445923,4.776358127593994,4.0,4.0,-40.0,15.499622344970703,15.216242790222168,17.173057556152344,16.097211837768555
"[[[0. 0. 0. ... 0. 0. 0.]]

 [[0. 0. 0. ... 0. 0. 0.]]]",0.0,0.17394232749938965,0.2764417827129364,0.22745852172374725,0.042313750833272934,0.0,0.15730232000350952,0.3575011193752289,0.0843760296702385,0.20250999927520752,0.0,0.3333333432674408,0.3333333432674408,0.0,0.3333333432674408,0.3333333432674408,0.0,0.3333333432674408,0.3333333432674408,0.0,3.576133966445923,4.776358127593994,4.0,4.0,-40.0,15.499622344970703,15.216242790222168,17.173057556152344,16.097211837768555
"[[[0. 0. 0. ... 0. 0. 0.]]

 [[0. 0. 0. ... 0. 0. 0.]]]",0.0,0.16664005815982819,0.29494181275367737,0.22017142176628113,0.034602921456098557,0.0,0.15540434420108795,0.36113137006759644,0.08379676192998886,0.2005927413702011,0.0,0.3333333432674408,0.3333333432674408,0.0,0.3333333432674408,0.3333333432674408,0.0,0.3333333432674408,0.3333333432674408,0.0,3.4698374271392822,4.971840858459473,4.0,4.0,-40.0,15.506175994873047,15.244048118591309,16.784902572631836,16.698116302490234
"[[[0. 0. 0. ... 0. 0. 0.]]

 [[0. 0. 0. ... 0. 0. 0.]]]",0.0,0.16664005815982819,0.29494181275367737,0.22017142176628113,0.034602921456098557,0.0,0.15540434420108795,0.36113137006759644,0.08379676192998886,0.2005927413702011,0.0,0.3333333432674408,0.3333333432674408,0.0,0.3333333432674408,0.3333333432674408,0.0,0.3333333432674408,0.3333333432674408,0.0,3.4698374271392822,4.971840858459473,4.0,4.0,-40.0,15.506175994873047,15.244048118591309,16.784902572631836,16.698116302490234
"[[[0. 0. 0. ... 0. 0. 0.]]

 [[0. 0. 0. ... 0. 0. 0.]]]",0.0,0.16664005815982819,0.29494181275367737,0.22017142176628113,0.034602921456098557,0.0,0.15540434420108795,0.36113137006759644,0.08379676192998886,0.2005927413702011,0.0,0.3333333432674408,0.3333333432674408,0.0,0.3333333432674408,0.3333333432674408,0.0,0.3333333432674408,0.3333333432674408,0.0,3.4698374271392822,4.971840858459473,4.0,4.0,-40.0,15.506175994873047,15.244048118591309,16.784902572631836,16.698116302490234
"[[[0. 0. 0. ... 0. 0. 0.]]

 [[0. 0. 0. ... 0. 0. 0.]]]",0.0,0.16664005815982819,0.29494181275367737,0.22017142176628113,0.034602921456098557,0.0,0.15540434420108795,0.36113137006759644,0.08379676192998886,0.2005927413702011,0.0,0.3333333432674408,0.3333333432674408,0.0,0.3333333432674408,0.3333333432674408,0.0,0.3333333432674408,0.3333333432674408,0.0,3.4698374271392822,4.971840858459473,4.0,4.0,-40.0,15.506175994873047,15.244048118591309,16.784902572631836,16.698116302490234
"[[[0. 0. 0. ... 0. 0. 0.]]

 [[0. 0. 0. ... 0. 0. 0.]]]",0.0,0.16664005815982819,0.29494181275367737,0.22017142176628113,0.034602921456098557,0.0,0.15540434420108795,0.36113137006759644,0.08379676192998886,0.2005927413702011,0.0,0.3333333432674408,0.3333333432674408,0.0,0.3333333432674408,0.3333333432674408,0.0,0.3333333432674408,0.3333333432674408,0.0,3.4698374271392822,4.971840858459473,4.0,4.0,-40.0,15.506175994873047,15.244048118591309,16.784902572631836,16.698116302490234
"[[[0. 0. 0. ... 0. 0. 0.]]

 [[0. 0. 0. ... 0. 0. 0.]]]",0.0,0.15335212647914886,0.32646745443344116,0.22105804085731506,0.040616750717163086,0.0,0.15246593952178955,0.3667011559009552,0.08336308598518372,0.19571445882320404,0.0,0.3333333432674408,0.3333333432674408,0.0,0.3333333432674408,0.3333333432674408,0.0,0.3333333432674408,0.3333333432674408,0.0,3.4129037857055664,5.076551914215088,4.0,4.0,-40.0,15.463584899902344,15.34682846069336,16.393535614013672,17.64455223083496
"[[[0. 0. 0. ... 0. 0. 0.]]

 [[0. 0. 0. ... 0. 0. 0.]]]",0.0,0.15335212647914886,0.32646745443344116,0.22105804085731506,0.040616750717163086,0.0,0.15246593952178955,0.3667011559009552,0.08336308598518372,0.19571445882320404,0.0,0.3333333432674408,0.3333333432674408,0.0,0.3333333432674408,0.3333333432674408,0.0,0.3333333432674408,0.3333333432674408,0.0,3.4129037857055664,5.076551914215088,4.0,4.0,-40.0,15.463584899902344,15.34682846069336,16.393535614013672,17.64455223083496
"[[[0. 0. 0. ... 0. 0. 0.]]

 [[0. 0. 0. ... 0. 0. 0.]]]",0.0,0.15335212647914886,0.32646745443344116,0.22105804085731506,0.040616750717163086,0.0,0.15246593952178955,0.3667011559009552,0.08336308598518372,0.19571445882320404,0.0,0.3333333432674408,0.3333333432674408,0.0,0.3333333432674408,0.3333333432674408,0.0,0.3333333432674408,0.3333333432674408,0.0,3.4129037857055664,5.076551914215088,4.0,4.0,-40.0,15.463584899902344,15.34682846069336,16.393535614013672,17.64455223083496
"[[[0. 0. 0. ... 0. 0. 0.]]

 [[0. 0. 0. ... 0. 0. 0.]]]",0.0,0.15335212647914886,0.32646745443344116,0.22105804085731506,0.040616750717163086,0.0,0.15246593952178955,0.3667011559009552,0.08336308598518372,0.19571445882320404,0.0,0.3333333432674408,0.3333333432674408,0.0,0.3333333432674408,0.3333333432674408,0.0,0.3333333432674408,0.3333333432674408,0.0,3.4129037857055664,5.076551914215088,4.0,4.0,-40.0,15.463584899902344,15.34682846069336,16.393535614013672,17.64455223083496
"[[[0. 0. 0. ... 0. 0. 0.]]

 [[0. 0. 0. ... 0. 0. 0.]]]",0.0,0.15335212647914886,0.32646745443344116,0.22105804085731506,0.040616750717163086,0.0,0.15246593952178955,0.3667011559009552,0.08336308598518372,0.19571445882320404,0.0,0.3333333432674408,0.3333333432674408,0.0,0.3333333432674408,0.3333333432674408,0.0,0.3333333432674408,0.3333333432674408,0.0,3.4129037857055664,5.076551914215088,4.0,4.0,-40.0,15.463584899902344,15.34682846069336,16.393535614013672,17.64455223083496
"[[[0. 0. 0. ... 0. 0. 0.]]

 [[0. 0. 0. ... 0. 0. 0.]]]",0.0,0.1331651508808136,0.36969274282455444,0.22105804085731506,0.040616750717163086,0.0,0.14907795190811157,0.37278327345848083,0.08395349979400635,0.18833160400390625,0.0,0.3333333432674408,0.3333333432674408,0.0,0.3333333432674408,0.3333333432674408,0.0,0.3333333432674408,0.3333333432674408,0.0,3.3751962184906006,5.14275598526001,4.0,4.0,-40.0,15.407023429870605,15.510634422302246,16.43830108642578,17.815698623657227
"[[[0. 0. 0. ... 0. 0. 0.]]

 [[0. 0. 0. ... 0. 0. 0.]]]",0.0,0.1331651508808136,0.36969274282455444,0.22105804085731506,0.040616750717163086,0.0,0.14907795190811157,0.37278327345848083,0.08395349979400635,0.18833160400390625,0.0,0.3333333432674408,0.3333333432674408,0.0,0.3333333432674408,0.3333333432674408,0.0,0.3333333432674408,0.3333333432674408,0.0,3.3751962184906006,5.14275598526001,4.0,4.0,-40.0,15.407023429870605,15.510634422302246,16.43830108642578,17.815698623657227
"[[[0. 0. 0. ... 0. 0. 0.]]

 [[0. 0. 0. ... 0. 0. 0.]]]",0.0,0.1331651508808136,0.36969274282455444,0.22105804085731506,0.040616750717163086,0.0,0.14907795190811157,0.37278327345848083,0.08395349979400635,0.18833160400390625,0.0,0.3333333432674408,0.3333333432674408,0.0,0.3333333432674408,0.3333333432674408,0.0,0.3333333432674408,0.3333333432674408,0.0,3.3751962184906006,5.14275598526001,4.0,4.0,-40.0,15.407023429870605,15.510634422302246,16.43830108642578,17.815698623657227
"[[[0. 0. 0. ... 0. 0. 0.]]

 [[0. 0. 0. ... 0. 0. 0.]]]",0.0,0.1331651508808136,0.36969274282455444,0.22105804085731506,0.040616750717163086,0.0,0.14907795190811157,0.37278327345848083,0.08395349979400635,0.18833160400390625,0.0,0.3333333432674408,0.3333333432674408,0.0,0.3333333432674408,0.3333333432674408,0.0,0.3333333432674408,0.3333333432674408,0.0,3.3751962184906006,5.14275598526001,4.0,4.0,-40.0,15.407023429870605,15.510634422302246,16.43830108642578,17.815698623657227
"[[[0. 0. 0. ... 0. 0. 0.]]

 [[0. 0. 0. ... 0. 0. 0.]]]",0.0,0.1331651508808136,0.36969274282455444,0.22105804085731506,0.040616750717163086,0.0,0.14907795190811157,0.37278327345848083,0.08395349979400635,0.18833160400390625,0.0,0.3333333432674408,0.3333333432674408,0.0,0.3333333432674408,0.3333333432674408,0.0,0.3333333432674408,0.3333333432674408,0.0,3.3751962184906006,5.14275598526001,4.0,4.0,-40.0,15.407023429870605,15.510634422302246,16.43830108642578,17.815698623657227
"[[[0. 0. 0. ... 0. 0. 0.]]

 [[0. 0. 0. ... 0. 0. 0.]]]",0.0,0.11215629428625107,0.4145498275756836,0.22105804085731506,0.040616750717163086,0.0,0.1491268277168274,0.37303417921066284,0.08091884851455688,0.19479186832904816,0.0,0.3333333432674408,0.3333333432674408,0.0,0.3333333432674408,0.3333333432674408,0.0,0.3333333432674408,0.3333333432674408,0.0,3.370084047317505,5.151057243347168,4.0,4.0,-40.0,15.324178695678711,15.62595272064209,16.403722763061523,18.067955017089844
"[[[0. 0. 0. ... 0. 0. 0.]]

 [[0. 0. 0. ... 0. 0. 0.]]]",0.0,0.11215629428625107,0.4145498275756836,0.22105804085731506,0.040616750717163086,0.0,0.1491268277168274,0.37303417921066284,0.08091884851455688,0.19479186832904816,0.0,0.3333333432674408,0.3333333432674408,0.0,0.3333333432674408,0.3333333432674408,0.0,0.3333333432674408,0.3333333432674408,0.0,3.370084047317505,5.151057243347168,4.0,4.0,-40.0,15.324178695678711,15.62595272064209,16.403722763061523,18.067955017089844
"[[[0. 0. 0. ... 0. 0. 0.]]

 [[0. 0. 0. ... 0. 0. 0.]]]",0.0,0.11215629428625107,0.4145498275756836,0.22105804085731506,0.040616750717163086,0.0,0.1491268277168274,0.37303417921066284,0.08091884851455688,0.19479186832904816,0.0,0.3333333432674408,0.3333333432674408,0.0,0.3333333432674408,0.3333333432674408,0.0,0.3333333432674408,0.3333333432674408,0.0,3.370084047317505,5.151057243347168,4.0,4.0,-40.0,15.324178695678711,15.62595272064209,16.403722763061523,18.067955017089844
"[[[0. 0. 0. ... 0. 0. 0.]]

 [[0. 0. 0. ... 0. 0. 0.]]]",0.0,0.11215629428625107,0.4145498275756836,0.22105804085731506,0.040616750717163086,0.0,0.1491268277168274,0.37303417921066284,0.08091884851455688,0.19479186832904816,0.0,0.3333333432674408,0.3333333432674408,0.0,0.3333333432674408,0.3333333432674408,0.0,0.3333333432674408,0.3333333432674408,0.0,3.370084047317505,5.151057243347168,4.0,4.0,-40.0,15.324178695678711,15.62595272064209,16.403722763061523,18.067955017089844
"[[[0. 0. 0. ... 0. 0. 0.]]

 [[0. 0. 0. ... 0. 0. 0.]]]",0.0,0.11215629428625107,0.4145498275756836,0.22105804085731506,0.040616750717163086,0.0,0.1491268277168274,0.37303417921066284,0.08091884851455688,0.19479186832904816,0.0,0.3333333432674408,0.3333333432674408,0.0,0.3333333432674408,0.3333333432674408,0.0,0.3333333432674408,0.3333333432674408,0.0,3.370084047317505,5.151057243347168,4.0,4.0,-40.0,15.324178695678711,15.62595272064209,16.403722763061523,18.067955017089844
"[[[0. 0. 0. ... 0. 0. 0.]]

 [[0. 0. 0. ... 0. 0. 0.]]]",0.0,0.1076337918639183,0.4242032468318939,0.22105804085731506,0.040616750717163086,0.0,0.14824867248535156,0.3751274049282074,0.07944611459970474,0.19543810188770294,0.0,0.3333333432674408,0.3333333432674408,0.0,0.3333333432674408,0.3333333432674408,0.0,0.3333333432674408,0.3333333432674408,0.0,3.2892510890960693,5.311276435852051,4.0,4.0,-40.0,15.277397155761719,15.711406707763672,16.079118728637695,18.634265899658203
"[[[0. 0. 0. ... 0. 0. 0.]]

 [[0. 0. 0. ... 0. 0. 0.]]]",0.0,0.1076337918639183,0.4242032468318939,0.22105804085731506,0.040616750717163086,0.0,0.14824867248535156,0.3751274049282074,0.07944611459970474,0.19543810188770294,0.0,0.3333333432674408,0.3333333432674408,0.0,0.3333333432674408,0.3333333432674408,0.0,0.3333333432674408,0.3333333432674408,0.0,3.2892510890960693,5.311276435852051,4.0,4.0,-40.0,15.277397155761719,15.711406707763672,16.079118728637695,18.634265899658203
"[[[0. 0. 0. ... 0. 0. 0.]]

 [[0. 0. 0. ... 0. 0. 0.]]]",0.0,0.1076337918639183,0.4242032468318939,0.22105804085731506,0.040616750717163086,0.0,0.14824867248535156,0.3751274049282074,0.07944611459970474,0.19543810188770294,0.0,0.3333333432674408,0.3333333432674408,0.0,0.3333333432674408,0.3333333432674408,0.0,0.3333333432674408,0.3333333432674408,0.0,3.2892510890960693,5.311276435852051,4.0,4.0,-40.0,15.277397155761719,15.711406707763672,16.079118728637695,18.634265899658203
"[[[0. 0. 0. ... 0. 0. 0.]]

 [[0. 0. 0. ... 0. 0. 0.]]]",0.0,0.1076337918639183,0.4242032468318939,0.22105804085731506,0.040616750717163086,0.0,0.14824867248535156,0.3751274049282074,0.07944611459970474,0.19543810188770294,0.0,0.3333333432674408,0.3333333432674408,0.0,0.3333333432674408,0.3333333432674408,0.0,0.3333333432674408,0.3333333432674408,0.0,3.2892510890960693,5.311276435852051,4.0,4.0,-40.0,15.277397155761719,15.711406707763672,16.079118728637695,18.634265899658203
"[[[0. 0. 0. ... 0. 0. 0.]]

 [[0. 0. 0. ... 0. 0. 0.]]]",0.0,0.1076337918639183,0.4242032468318939,0.22105804085731506,0.040616750717163086,0.0,0.14824867248535156,0.3751274049282074,0.07944611459970474,0.19543810188770294,0.0,0.3333333432674408,0.3333333432674408,0.0,0.3333333432674408,0.3333333432674408,0.0,0.3333333432674408,0.3333333432674408,0.0,3.2892510890960693,5.311276435852051,4.0,4.0,-40.0,15.277397155761719,15.711406707763672,16.079118728637695,18.634265899658203
"[[[0. 0. 0. ... 0. 0. 0.]]

 [[0. 0. 0. ... 0. 0. 0.]]]",0.0,0.10411781817674637,0.4299449324607849,0.22105804085731506,0.040616750717163086,0.0,0.14743101596832275,0.37698063254356384,0.07806499302387238,0.19557130336761475,0.0,0.3333333432674408,0.3333333432674408,0.0,0.3333333432674408,0.3333333432674408,0.0,0.3333333432674408,0.3333333432674408,0.0,3.125728130340576,5.650365829467773,4.0,4.0,-40.0,15.2161865234375,15.822553634643555,15.577547073364258,19.316686630249023
"[[[0. 0. 0. ... 0. 0. 0.]]

 [[0. 0. 0. ... 0. 0. 0.]]]",0.0,0.10411781817674637,0.4299449324607849,0.22105804085731506,0.040616750717163086,0.0,0.14743101596832275,0.37698063254356384,0.07806499302387238,0.19557130336761475,0.0,0.3333333432674408,0.3333333432674408,0.0,0.3333333432674408,0.3333333432674408,0.0,0.3333333432674408,0.3333333432674408,0.0,3.125728130340576,5.650365829467773,4.0,4.0,-40.0,15.2161865234375,15.822553634643555,15.577547073364258,19.316686630249023
"[[[0. 0. 0. ... 0. 0. 0.]]

 [[0. 0. 0. ... 0. 0. 0.]]]",0.0,0.10411781817674637,0.4299449324607849,0.22105804085731506,0.040616750717163086,0.0,0.14743101596832275,0.37698063254356384,0.07806499302387238,0.19557130336761475,0.0,0.3333333432674408,0.3333333432674408,0.0,0.3333333432674408,0.3333333432674408,0.0,0.3333333432674408,0.3333333432674408,0.0,3.125728130340576,5.650365829467773,4.0,4.0,-40.0,15.2161865234375,15.822553634643555,15.577547073364258,19.316686630249023
"[[[0. 0. 0. ... 0. 0. 0.]]

 [[0. 0. 0. ... 0. 0. 0.]]]",0.0,0.10411781817674637,0.4299449324607849,0.22105804085731506,0.040616750717163086,0.0,0.14743101596832275,0.37698063254356384,0.07806499302387238,0.19557130336761475,0.0,0.3333333432674408,0.3333333432674408,0.0,0.3333333432674408,0.3333333432674408,0.0,0.3333333432674408,0.3333333432674408,0.0,3.125728130340576,5.650365829467773,4.0,4.0,-40.0,15.2161865234375,15.822553634643555,15.577547073364258,19.316686630249023
"[[[0. 0. 0. ... 0. 0. 0.]]

 [[0. 0. 0. ... 0. 0. 0.]]]",0.0,0.10411781817674637,0.4299449324607849,0.22105804085731506,0.040616750717163086,0.0,0.14743101596832275,0.37698063254356384,0.07806499302387238,0.19557130336761475,0.0,0.3333333432674408,0.3333333432674408,0.0,0.3333333432674408,0.3333333432674408,0.0,0.3333333432674408,0.3333333432674408,0.0,3.125728130340576,5.650365829467773,4.0,4.0,-40.0,15.2161865234375,15.822553634643555,15.577547073364258,19.316686630249023
"[[[0. 0. 0. ... 0. 0. 0.]]

 [[0. 0. 0. ... 0. 0. 0.]]]",0.0,0.09842275828123093,0.4396619200706482,0.22105804085731506,0.040616750717163086,0.0,0.1454256772994995,0.3806925415992737,0.0760124996304512,0.1960807740688324,0.0,0.3333333432674408,0.3333333432674408,0.0,0.3333333432674408,0.3333333432674408,0.0,0.3333333432674408,0.3333333432674408,0.0,3.0403356552124023,5.819143772125244,4.0,4.0,-40.0,15.202853202819824,15.89409065246582,15.160167694091797,19.8677978515625
"[[[0. 0. 0. ... 0. 0. 0.]]

 [[0. 0. 0. ... 0. 0. 0.]]]",0.0,0.09842275828123093,0.4396619200706482,0.22105804085731506,0.040616750717163086,0.0,0.1454256772994995,0.3806925415992737,0.0760124996304512,0.1960807740688324,0.0,0.3333333432674408,0.3333333432674408,0.0,0.3333333432674408,0.3333333432674408,0.0,0.3333333432674408,0.3333333432674408,0.0,3.0403356552124023,5.819143772125244,4.0,4.0,-40.0,15.202853202819824,15.89409065246582,15.160167694091797,19.8677978515625
"[[[0. 0. 0. ... 0. 0. 0.]]

 [[0. 0. 0. ... 0. 0. 0.]]]",0.0,0.09842275828123093,0.4396619200706482,0.22105804085731506,0.040616750717163086,0.0,0.1454256772994995,0.3806925415992737,0.0760124996304512,0.1960807740688324,0.0,0.3333333432674408,0.3333333432674408,0.0,0.3333333432674408,0.3333333432674408,0.0,0.3333333432674408,0.3333333432674408,0.0,3.0403356552124023,5.819143772125244,4.0,4.0,-40.0,15.202853202819824,15.89409065246582,15.160167694091797,19.8677978515625
"[[[0. 0. 0. ... 0. 0. 0.]]

 [[0. 0. 0. ... 0. 0. 0.]]]",0.0,0.09842275828123093,0.4396619200706482,0.22105804085731506,0.040616750717163086,0.0,0.1454256772994995,0.3806925415992737,0.0760124996304512,0.1960807740688324,0.0,0.3333333432674408,0.3333333432674408,0.0,0.3333333432674408,0.3333333432674408,0.0,0.3333333432674408,0.3333333432674408,0.0,3.0403356552124023,5.819143772125244,4.0,4.0,-40.0,15.202853202819824,15.89409065246582,15.160167694091797,19.8677978515625
"[[[0. 0. 0. ... 0. 0. 0.]]

 [[0. 0. 0. ... 0. 0. 0.]]]",0.0,0.09842275828123093,0.4396619200706482,0.22105804085731506,0.040616750717163086,0.0,0.1454256772994995,0.3806925415992737,0.0760124996304512,0.1960807740688324,0.0,0.3333333432674408,0.3333333432674408,0.0,0.3333333432674408,0.3333333432674408,0.0,0.3333333432674408,0.3333333432674408,0.0,3.0403356552124023,5.819143772125244,4.0,4.0,-40.0,15.202853202819824,15.89409065246582,15.160167694091797,19.8677978515625
"[[[0. 0. 0. ... 0. 0. 0.]]

 [[0. 0. 0. ... 0. 0. 0.]]]",0.0,0.09472403675317764,0.44791796803474426,0.22105804085731506,0.040616750717163086,0.0,0.14199009537696838,0.3868575096130371,0.07249117642641068,0.19754858314990997,0.0,0.3333333432674408,0.3333333432674408,0.0,0.3333333432674408,0.3333333432674408,0.0,0.3333333432674408,0.3333333432674408,0.0,2.9603710174560547,5.986058712005615,4.0,4.0,-40.0,15.150599479675293,16.064044952392578,14.725520133972168,20.376991271972656
"[[[0. 0. 0. ... 0. 0. 0.]]

 [[0. 0. 0. ... 0. 0. 0.]]]",0.0,0.09472403675317764,0.44791796803474426,0.22105804085731506,0.040616750717163086,0.0,0.14199009537696838,0.3868575096130371,0.07249117642641068,0.19754858314990997,0.0,0.3333333432674408,0.3333333432674408,0.0,0.3333333432674408,0.3333333432674408,0.0,0.3333333432674408,0.3333333432674408,0.0,2.9603710174560547,5.986058712005615,4.0,4.0,-40.0,15.150599479675293,16.064044952392578,14.725520133972168,20.376991271972656
"[[[0. 0. 0. ... 0. 0. 0.]]

 [[0. 0. 0. ... 0. 0. 0.]]]",0.0,0.09472403675317764,0.44791796803474426,0.22105804085731506,0.040616750717163086,0.0,0.14199009537696838,0.3868575096130371,0.07249117642641068,0.19754858314990997,0.0,0.3333333432674408,0.3333333432674408,0.0,0.3333333432674408,0.3333333432674408,0.0,0.3333333432674408,0.3333333432674408,0.0,2.9603710174560547,5.986058712005615,4.0,4.0,-40.0,15.150599479675293,16.064044952392578,14.725520133972168,20.376991271972656
"[[[0. 0. 0. ... 0. 0. 0.]]

 [[0. 0. 0. ... 0. 0. 0.]]]",0.0,0.09472403675317764,0.44791796803474426,0.22105804085731506,0.040616750717163086,0.0,0.14199009537696838,0.3868575096130371,0.07249117642641068,0.19754858314990997,0.0,0.3333333432674408,0.3333333432674408,0.0,0.3333333432674408,0.3333333432674408,0.0,0.3333333432674408,0.3333333432674408,0.0,2.9603710174560547,5.986058712005615,4.0,4.0,-40.0,15.150599479675293,16.064044952392578,14.725520133972168,20.376991271972656
"[[[0. 0. 0. ... 0. 0. 0.]]

 [[0. 0. 0. ... 0. 0. 0.]]]",0.0,0.09472403675317764,0.44791796803474426,0.22105804085731506,0.040616750717163086,0.0,0.14199009537696838,0.3868575096130371,0.07249117642641068,0.19754858314990997,0.0,0.3333333432674408,0.3333333432674408,0.0,0.3333333432674408,0.3333333432674408,0.0,0.3333333432674408,0.3333333432674408,0.0,2.9603710174560547,5.986058712005615,4.0,4.0,-40.0,15.150599479675293,16.064044952392578,14.725520133972168,20.376991271972656
"[[[0. 0. 0. ... 0. 0. 0.]]

 [[0. 0. 0. ... 0. 0. 0.]]]",0.0,0.08919774740934372,0.45877009630203247,0.22105804085731506,0.040616750717163086,0.0,0.13988925516605377,0.39051884412765503,0.06985501945018768,0.1990392506122589,0.0,0.3333333432674408,0.3333333432674408,0.0,0.3333333432674408,0.3333333432674408,0.0,0.3333333432674408,0.3333333432674408,0.0,2.84818959236145,6.216956615447998,4.0,4.0,-40.0,15.06690788269043,16.245563507080078,14.336251258850098,20.878604888916016
"[[[0. 0. 0. ... 0. 0. 0.]]

 [[0. 0. 0. ... 0. 0. 0.]]]",0.0,0.08919774740934372,0.45877009630203247,0.22105804085731506,0.040616750717163086,0.0,0.13988925516605377,0.39051884412765503,0.06985501945018768,0.1990392506122589,0.0,0.3333333432674408,0.3333333432674408,0.0,0.3333333432674408,0.3333333432674408,0.0,0.3333333432674408,0.3333333432674408,0.0,2.84818959236145,6.216956615447998,4.0,4.0,-40.0,15.06690788269043,16.245563507080078,14.336251258850098,20.878604888916016
"[[[0. 0. 0. ... 0. 0. 0.]]

 [[0. 0. 0. ... 0. 0. 0.]]]",0.0,0.08919774740934372,0.45877009630203247,0.22105804085731506,0.040616750717163086,0.0,0.13988925516605377,0.39051884412765503,0.06985501945018768,0.1990392506122589,0.0,0.3333333432674408,0.3333333432674408,0.0,0.3333333432674408,0.3333333432674408,0.0,0.3333333432674408,0.3333333432674408,0.0,2.84818959236145,6.216956615447998,4.0,4.0,-40.0,15.06690788269043,16.245563507080078,14.336251258850098,20.878604888916016
"[[[0. 0. 0. ... 0. 0. 0.]]

 [[0. 0. 0. ... 0. 0. 0.]]]",0.0,0.08919774740934372,0.45877009630203247,0.22105804085731506,0.040616750717163086,0.0,0.13988925516605377,0.39051884412765503,0.06985501945018768,0.1990392506122589,0.0,0.3333333432674408,0.3333333432674408,0.0,0.3333333432674408,0.3333333432674408,0.0,0.3333333432674408,0.3333333432674408,0.0,2.84818959236145,6.216956615447998,4.0,4.0,-40.0,15.06690788269043,16.245563507080078,14.336251258850098,20.878604888916016
"[[[0. 0. 0. ... 0. 0. 0.]]

 [[0. 0. 0. ... 0. 0. 0.]]]",0.0,0.08919774740934372,0.45877009630203247,0.22105804085731506,0.040616750717163086,0.0,0.13988925516605377,0.39051884412765503,0.06985501945018768,0.1990392506122589,0.0,0.3333333432674408,0.3333333432674408,0.0,0.3333333432674408,0.3333333432674408,0.0,0.3333333432674408,0.3333333432674408,0.0,2.84818959236145,6.216956615447998,4.0,4.0,-40.0,15.06690788269043,16.245563507080078,14.336251258850098,20.878604888916016
"[[[0. 0. 0. ... 0. 0. 0.]]

 [[0. 0. 0. ... 0. 0. 0.]]]",0.0,0.08525201678276062,0.4656256437301636,0.22105804085731506,0.040616750717163086,0.0,0.13367091119289398,0.40209484100341797,0.06400933861732483,0.19957076013088226,0.0,0.3333333432674408,0.3333333432674408,0.0,0.3333333432674408,0.3333333432674408,0.0,0.3333333432674408,0.3333333432674408,0.0,2.7385051250457764,6.433841705322266,4.0,4.0,-40.0,15.042651176452637,16.500484466552734,13.906846046447754,21.191814422607422
"[[[0. 0. 0. ... 0. 0. 0.]]

 [[0. 0. 0. ... 0. 0. 0.]]]",0.0,0.08525201678276062,0.4656256437301636,0.22105804085731506,0.040616750717163086,0.0,0.13367091119289398,0.40209484100341797,0.06400933861732483,0.19957076013088226,0.0,0.3333333432674408,0.3333333432674408,0.0,0.3333333432674408,0.3333333432674408,0.0,0.3333333432674408,0.3333333432674408,0.0,2.7385051250457764,6.433841705322266,4.0,4.0,-40.0,15.042651176452637,16.500484466552734,13.906846046447754,21.191814422607422
"[[[0. 0. 0. ... 0. 0. 0.]]

 [[0. 0. 0. ... 0. 0. 0.]]]",0.0,0.08525201678276062,0.4656256437301636,0.22105804085731506,0.040616750717163086,0.0,0.13367091119289398,0.40209484100341797,0.06400933861732483,0.19957076013088226,0.0,0.3333333432674408,0.3333333432674408,0.0,0.3333333432674408,0.3333333432674408,0.0,0.3333333432674408,0.3333333432674408,0.0,2.7385051250457764,6.433841705322266,4.0,4.0,-40.0,15.042651176452637,16.500484466552734,13.906846046447754,21.191814422607422
"[[[0. 0. 0. ... 0. 0. 0.]]

 [[0. 0. 0. ... 0. 0. 0.]]]",0.0,0.08525201678276062,0.4656256437301636,0.22105804085731506,0.040616750717163086,0.0,0.13367091119289398,0.40209484100341797,0.06400933861732483,0.19957076013088226,0.0,0.3333333432674408,0.3333333432674408,0.0,0.3333333432674408,0.3333333432674408,0.0,0.3333333432674408,0.3333333432674408,0.0,2.7385051250457764,6.433841705322266,4.0,4.0,-40.0,15.042651176452637,16.500484466552734,13.906846046447754,21.191814422607422
"[[[0. 0. 0. ... 0. 0. 0.]]

 [[0. 0. 0. ... 0. 0. 0.]]]",0.0,0.08525201678276062,0.4656256437301636,0.22105804085731506,0.040616750717163086,0.0,0.13367091119289398,0.40209484100341797,0.06400933861732483,0.19957076013088226,0.0,0.3333333432674408,0.3333333432674408,0.0,0.3333333432674408,0.3333333432674408,0.0,0.3333333432674408,0.3333333432674408,0.0,2.7385051250457764,6.433841705322266,4.0,4.0,-40.0,15.042651176452637,16.500484466552734,13.906846046447754,21.191814422607422
"[[[0. 0. 0. ... 0. 0. 0.]]

 [[0. 0. 0. ... 0. 0. 0.]]]",0.0,0.08111023902893066,0.47364699840545654,0.22105804085731506,0.040616750717163086,0.0,0.1309414654970169,0.407501757144928,0.06035185977816582,0.20117594301700592,0.0,0.3333333432674408,0.3333333432674408,0.0,0.3333333432674408,0.3333333432674408,0.0,0.3333333432674408,0.3333333432674408,0.0,2.6854729652404785,6.538563251495361,4.0,4.0,-40.0,14.979552268981934,16.680892944335938,13.573543548583984,21.596773147583008
"[[[0. 0. 0. ... 0. 0. 0.]]

 [[0. 0. 0. ... 0. 0. 0.]]]",0.0,0.08111023902893066,0.47364699840545654,0.22105804085731506,0.040616750717163086,0.0,0.1309414654970169,0.407501757144928,0.06035185977816582,0.20117594301700592,0.0,0.3333333432674408,0.3333333432674408,0.0,0.3333333432674408,0.3333333432674408,0.0,0.3333333432674408,0.3333333432674408,0.0,2.6854729652404785,6.538563251495361,4.0,4.0,-40.0,14.979552268981934,16.680892944335938,13.573543548583984,21.596773147583008
"[[[0. 0. 0. ... 0. 0. 0.]]

 [[0. 0. 0. ... 0. 0. 0.]]]",0.0,0.08111023902893066,0.47364699840545654,0.22105804085731506,0.040616750717163086,0.0,0.1309414654970169,0.407501757144928,0.06035185977816582,0.20117594301700592,0.0,0.3333333432674408,0.3333333432674408,0.0,0.3333333432674408,0.3333333432674408,0.0,0.3333333432674408,0.3333333432674408,0.0,2.6854729652404785,6.538563251495361,4.0,4.0,-40.0,14.979552268981934,16.680892944335938,13.573543548583984,21.596773147583008
"[[[0. 0. 0. ... 0. 0. 0.]]

 [[0. 0. 0. ... 0. 0. 0.]]]",0.0,0.08111023902893066,0.47364699840545654,0.22105804085731506,0.040616750717163086,0.0,0.1309414654970169,0.407501757144928,0.06035185977816582,0.20117594301700592,0.0,0.3333333432674408,0.3333333432674408,0.0,0.3333333432674408,0.3333333432674408,0.0,0.3333333432674408,0.3333333432674408,0.0,2.6854729652404785,6.538563251495361,4.0,4.0,-40.0,14.979552268981934,16.680892944335938,13.573543548583984,21.596773147583008
"[[[0. 0. 0. ... 0. 0. 0.]]

 [[0. 0. 0. ... 0. 0. 0.]]]",0.0,0.08111023902893066,0.47364699840545654,0.22105804085731506,0.040616750717163086,0.0,0.1309414654970169,0.407501757144928,0.06035185977816582,0.20117594301700592,0.0,0.3333333432674408,0.3333333432674408,0.0,0.3333333432674408,0.3333333432674408,0.0,0.3333333432674408,0.3333333432674408,0.0,2.6854729652404785,6.538563251495361,4.0,4.0,-40.0,14.979552268981934,16.680892944335938,13.573543548583984,21.596773147583008
"[[[0. 0. 0. ... 0. 0. 0.]]

 [[0. 0. 0. ... 0. 0. 0.]]]",0.0,0.0752318874001503,0.48537522554397583,0.22105804085731506,0.040616750717163086,0.0,0.12872111797332764,0.411865770816803,0.057865772396326065,0.20150265097618103,0.0,0.3333333432674408,0.3333333432674408,0.0,0.3333333432674408,0.3333333432674408,0.0,0.3333333432674408,0.3333333432674408,0.0,2.62845516204834,6.650369167327881,4.0,4.0,-40.0,14.912997245788574,16.854217529296875,13.310150146484375,21.885221481323242
"[[[0. 0. 0. ... 0. 0. 0.]]

 [[0. 0. 0. ... 0. 0. 0.]]]",0.0,0.0752318874001503,0.48537522554397583,0.22105804085731506,0.040616750717163086,0.0,0.12872111797332764,0.411865770816803,0.057865772396326065,0.20150265097618103,0.0,0.3333333432674408,0.3333333432674408,0.0,0.3333333432674408,0.3333333432674408,0.0,0.3333333432674408,0.3333333432674408,0.0,2.62845516204834,6.650369167327881,4.0,4.0,-40.0,14.912997245788574,16.854217529296875,13.310150146484375,21.885221481323242
"[[[0. 0. 0. ... 0. 0. 0.]]

 [[0. 0. 0. ... 0. 0. 0.]]]",0.0,0.0752318874001503,0.48537522554397583,0.22105804085731506,0.040616750717163086,0.0,0.12872111797332764,0.411865770816803,0.057865772396326065,0.20150265097618103,0.0,0.3333333432674408,0.3333333432674408,0.0,0.3333333432674408,0.3333333432674408,0.0,0.3333333432674408,0.3333333432674408,0.0,2.62845516204834,6.650369167327881,4.0,4.0,-40.0,14.912997245788574,16.854217529296875,13.310150146484375,21.885221481323242
"[[[0. 0. 0. ... 0. 0. 0.]]

 [[0. 0. 0. ... 0. 0. 0.]]]",0.0,0.0752318874001503,0.48537522554397583,0.22105804085731506,0.040616750717163086,0.0,0.12872111797332764,0.411865770816803,0.057865772396326065,0.20150265097618103,0.0,0.3333333432674408,0.3333333432674408,0.0,0.3333333432674408,0.3333333432674408,0.0,0.3333333432674408,0.3333333432674408,0.0,2.62845516204834,6.650369167327881,4.0,4.0,-40.0,14.912997245788574,16.854217529296875,13.310150146484375,21.885221481323242
"[[[0. 0. 0. ... 0. 0. 0.]]

 [[0. 0. 0. ... 0. 0. 0.]]]",0.0,0.0752318874001503,0.48537522554397583,0.22105804085731506,0.040616750717163086,0.0,0.12872111797332764,0.411865770816803,0.057865772396326065,0.20150265097618103,0.0,0.3333333432674408,0.3333333432674408,0.0,0.3333333432674408,0.3333333432674408,0.0,0.3333333432674408,0.3333333432674408,0.0,2.62845516204834,6.650369167327881,4.0,4.0,-40.0,14.912997245788574,16.854217529296875,13.310150146484375,21.885221481323242
"[[[0. 0. 0. ... 0. 0. 0.]]

 [[0. 0. 0. ... 0. 0. 0.]]]",0.0,0.07037338614463806,0.4943086802959442,0.22105804085731506,0.040616750717163086,0.0,0.12581272423267365,0.4166446328163147,0.05535711720585823,0.20269061625003815,0.0,0.3333333432674408,0.3333333432674408,0.0,0.3333333432674408,0.3333333432674408,0.0,0.3333333432674408,0.3333333432674408,0.0,2.5312371253967285,6.844692230224609,4.0,4.0,-40.0,14.84630012512207,17.068710327148438,12.900618553161621,22.32893180847168
"[[[0. 0. 0. ... 0. 0. 0.]]

 [[0. 0. 0. ... 0. 0. 0.]]]",0.0,0.07037338614463806,0.4943086802959442,0.22105804085731506,0.040616750717163086,0.0,0.12581272423267365,0.4166446328163147,0.05535711720585823,0.20269061625003815,0.0,0.3333333432674408,0.3333333432674408,0.0,0.3333333432674408,0.3333333432674408,0.0,0.3333333432674408,0.3333333432674408,0.0,2.5312371253967285,6.844692230224609,4.0,4.0,-40.0,14.84630012512207,17.068710327148438,12.900618553161621,22.32893180847168
"[[[0. 0. 0. ... 0. 0. 0.]]

 [[0. 0. 0. ... 0. 0. 0.]]]",0.0,0.07037338614463806,0.4943086802959442,0.22105804085731506,0.040616750717163086,0.0,0.12581272423267365,0.4166446328163147,0.05535711720585823,0.20269061625003815,0.0,0.3333333432674408,0.3333333432674408,0.0,0.3333333432674408,0.3333333432674408,0.0,0.3333333432674408,0.3333333432674408,0.0,2.5312371253967285,6.844692230224609,4.0,4.0,-40.0,14.84630012512207,17.068710327148438,12.900618553161621,22.32893180847168
"[[[0. 0. 0. ... 0. 0. 0.]]

 [[0. 0. 0. ... 0. 0. 0.]]]",0.0,0.07037338614463806,0.4943086802959442,0.22105804085731506,0.040616750717163086,0.0,0.12581272423267365,0.4166446328163147,0.05535711720585823,0.20269061625003815,0.0,0.3333333432674408,0.3333333432674408,0.0,0.3333333432674408,0.3333333432674408,0.0,0.3333333432674408,0.3333333432674408,0.0,2.5312371253967285,6.844692230224609,4.0,4.0,-40.0,14.84630012512207,17.068710327148438,12.900618553161621,22.32893180847168
"[[[0. 0. 0. ... 0. 0. 0.]]

 [[0. 0. 0. ... 0. 0. 0.]]]",0.0,0.07037338614463806,0.4943086802959442,0.22105804085731506,0.040616750717163086,0.0,0.12581272423267365,0.4166446328163147,0.05535711720585823,0.20269061625003815,0.0,0.3333333432674408,0.3333333432674408,0.0,0.3333333432674408,0.3333333432674408,0.0,0.3333333432674408,0.3333333432674408,0.0,2.5312371253967285,6.844692230224609,4.0,4.0,-40.0,14.84630012512207,17.068710327148438,12.900618553161621,22.32893180847168
"[[[0. 0. 0. ... 0. 0. 0.]]

 [[0. 0. 0. ... 0. 0. 0.]]]",0.0,0.06621230393648148,0.5016701817512512,0.22105804085731506,0.040616750717163086,0.0,0.12267419695854187,0.42179444432258606,0.05285032093524933,0.20375663042068481,0.0,0.3333333432674408,0.3333333432674408,0.0,0.3333333432674408,0.3333333432674408,0.0,0.3333333432674408,0.3333333432674408,0.0,2.472348928451538,6.961503028869629,4.0,4.0,-40.0,14.772979736328125,17.291515350341797,12.809531211853027,22.160173416137695
"[[[0. 0. 0. ... 0. 0. 0.]]

 [[0. 0. 0. ... 0. 0. 0.]]]",0.0,0.06621230393648148,0.5016701817512512,0.22105804085731506,0.040616750717163086,0.0,0.12267419695854187,0.42179444432258606,0.05285032093524933,0.20375663042068481,0.0,0.3333333432674408,0.3333333432674408,0.0,0.3333333432674408,0.3333333432674408,0.0,0.3333333432674408,0.3333333432674408,0.0,2.472348928451538,6.961503028869629,4.0,4.0,-40.0,14.772979736328125,17.291515350341797,12.809531211853027,22.160173416137695
"[[[0. 0. 0. ... 0. 0. 0.]]

 [[0. 0. 0. ... 0. 0. 0.]]]",0.0,0.06621230393648148,0.5016701817512512,0.22105804085731506,0.040616750717163086,0.0,0.12267419695854187,0.42179444432258606,0.05285032093524933,0.20375663042068481,0.0,0.3333333432674408,0.3333333432674408,0.0,0.3333333432674408,0.3333333432674408,0.0,0.3333333432674408,0.3333333432674408,0.0,2.472348928451538,6.961503028869629,4.0,4.0,-40.0,14.772979736328125,17.291515350341797,12.809531211853027,22.160173416137695
"[[[0. 0. 0. ... 0. 0. 0.]]

 [[0. 0. 0. ... 0. 0. 0.]]]",0.0,0.06621230393648148,0.5016701817512512,0.22105804085731506,0.040616750717163086,0.0,0.12267419695854187,0.42179444432258606,0.05285032093524933,0.20375663042068481,0.0,0.3333333432674408,0.3333333432674408,0.0,0.3333333432674408,0.3333333432674408,0.0,0.3333333432674408,0.3333333432674408,0.0,2.472348928451538,6.961503028869629,4.0,4.0,-40.0,14.772979736328125,17.291515350341797,12.809531211853027,22.160173416137695
"[[[0. 0. 0. ... 0. 0. 0.]]

 [[0. 0. 0. ... 0. 0. 0.]]]",0.0,0.06621230393648148,0.5016701817512512,0.22105804085731506,0.040616750717163086,0.0,0.12267419695854187,0.42179444432258606,0.05285032093524933,0.20375663042068481,0.0,0.3333333432674408,0.3333333432674408,0.0,0.3333333432674408,0.3333333432674408,0.0,0.3333333432674408,0.3333333432674408,0.0,2.472348928451538,6.961503028869629,4.0,4.0,-40.0,14.772979736328125,17.291515350341797,12.809531211853027,22.160173416137695
"[[[0. 0. 0. ... 0. 0. 0.]]

 [[0. 0. 0. ... 0. 0. 0.]]]",0.0,0.06322131305932999,0.5070826411247253,0.22105804085731506,0.040616750717163086,0.0,0.11964443325996399,0.42682841420173645,0.05033804476261139,0.2045082300901413,0.0,0.3333333432674408,0.3333333432674408,0.0,0.3333333432674408,0.3333333432674408,0.0,0.3333333432674408,0.3333333432674408,0.0,2.421596050262451,7.062575817108154,4.0,4.0,-40.0,14.719748497009277,17.48194694519043,12.658617973327637,22.1441593170166
"[[[0. 0. 0. ... 0. 0. 0.]]

 [[0. 0. 0. ... 0. 0. 0.]]]",0.0,0.06322131305932999,0.5070826411247253,0.22105804085731506,0.040616750717163086,0.0,0.11964443325996399,0.42682841420173645,0.05033804476261139,0.2045082300901413,0.0,0.3333333432674408,0.3333333432674408,0.0,0.3333333432674408,0.3333333432674408,0.0,0.3333333432674408,0.3333333432674408,0.0,2.421596050262451,7.062575817108154,4.0,4.0,-40.0,14.719748497009277,17.48194694519043,12.658617973327637,22.1441593170166
"[[[0. 0. 0. ... 0. 0. 0.]]

 [[0. 0. 0. ... 0. 0. 0.]]]",0.0,0.06322131305932999,0.5070826411247253,0.22105804085731506,0.040616750717163086,0.0,0.11964443325996399,0.42682841420173645,0.05033804476261139,0.2045082300901413,0.0,0.3333333432674408,0.3333333432674408,0.0,0.3333333432674408,0.3333333432674408,0.0,0.3333333432674408,0.3333333432674408,0.0,2.421596050262451,7.062575817108154,4.0,4.0,-40.0,14.719748497009277,17.48194694519043,12.658617973327637,22.1441593170166
"[[[0. 0. 0. ... 0. 0. 0.]]

 [[0. 0. 0. ... 0. 0. 0.]]]",0.0,0.06322131305932999,0.5070826411247253,0.22105804085731506,0.040616750717163086,0.0,0.11964443325996399,0.42682841420173645,0.05033804476261139,0.2045082300901413,0.0,0.3333333432674408,0.3333333432674408,0.0,0.3333333432674408,0.3333333432674408,0.0,0.3333333432674408,0.3333333432674408,0.0,2.421596050262451,7.062575817108154,4.0,4.0,-40.0,14.719748497009277,17.48194694519043,12.658617973327637,22.1441593170166
"[[[0. 0. 0. ... 0. 0. 0.]]

 [[0. 0. 0. ... 0. 0. 0.]]]",0.0,0.06322131305932999,0.5070826411247253,0.22105804085731506,0.040616750717163086,0.0,0.11964443325996399,0.42682841420173645,0.05033804476261139,0.2045082300901413,0.0,0.3333333432674408,0.3333333432674408,0.0,0.3333333432674408,0.3333333432674408,0.0,0.3333333432674408,0.3333333432674408,0.0,2.421596050262451,7.062575817108154,4.0,4.0,-40.0,14.719748497009277,17.48194694519043,12.658617973327637,22.1441593170166
"[[[0. 0. 0. ... 0. 0. 0.]]

 [[0. 0. 0. ... 0. 0. 0.]]]",0.0,0.060901083052158356,0.5112831592559814,0.22105804085731506,0.040616750717163086,0.0,0.11727593094110489,0.43104273080825806,0.04798543080687523,0.20529450476169586,0.0,0.3333333432674408,0.3333333432674408,0.0,0.3333333432674408,0.3333333432674408,0.0,0.3333333432674408,0.3333333432674408,0.0,2.3827171325683594,7.139420509338379,4.0,4.0,-40.0,14.647354125976562,17.66798973083496,12.53687572479248,22.090776443481445
"[[[0. 0. 0. ... 0. 0. 0.]]

 [[0. 0. 0. ... 0. 0. 0.]]]",0.0,0.060901083052158356,0.5112831592559814,0.22105804085731506,0.040616750717163086,0.0,0.11727593094110489,0.43104273080825806,0.04798543080687523,0.20529450476169586,0.0,0.3333333432674408,0.3333333432674408,0.0,0.3333333432674408,0.3333333432674408,0.0,0.3333333432674408,0.3333333432674408,0.0,2.3827171325683594,7.139420509338379,4.0,4.0,-40.0,14.647354125976562,17.66798973083496,12.53687572479248,22.090776443481445
"[[[0. 0. 0. ... 0. 0. 0.]]

 [[0. 0. 0. ... 0. 0. 0.]]]",0.0,0.060901083052158356,0.5112831592559814,0.22105804085731506,0.040616750717163086,0.0,0.11727593094110489,0.43104273080825806,0.04798543080687523,0.20529450476169586,0.0,0.3333333432674408,0.3333333432674408,0.0,0.3333333432674408,0.3333333432674408,0.0,0.3333333432674408,0.3333333432674408,0.0,2.3827171325683594,7.139420509338379,4.0,4.0,-40.0,14.647354125976562,17.66798973083496,12.53687572479248,22.090776443481445
"[[[0. 0. 0. ... 0. 0. 0.]]

 [[0. 0. 0. ... 0. 0. 0.]]]",0.0,0.060901083052158356,0.5112831592559814,0.22105804085731506,0.040616750717163086,0.0,0.11727593094110489,0.43104273080825806,0.04798543080687523,0.20529450476169586,0.0,0.3333333432674408,0.3333333432674408,0.0,0.3333333432674408,0.3333333432674408,0.0,0.3333333432674408,0.3333333432674408,0.0,2.3827171325683594,7.139420509338379,4.0,4.0,-40.0,14.647354125976562,17.66798973083496,12.53687572479248,22.090776443481445
"[[[0. 0. 0. ... 0. 0. 0.]]

 [[0. 0. 0. ... 0. 0. 0.]]]",0.0,0.060901083052158356,0.5112831592559814,0.22105804085731506,0.040616750717163086,0.0,0.11727593094110489,0.43104273080825806,0.04798543080687523,0.20529450476169586,0.0,0.3333333432674408,0.3333333432674408,0.0,0.3333333432674408,0.3333333432674408,0.0,0.3333333432674408,0.3333333432674408,0.0,2.3827171325683594,7.139420509338379,4.0,4.0,-40.0,14.647354125976562,17.66798973083496,12.53687572479248,22.090776443481445
