expected,real
-0.11163444,0.06472751
-0.0926,0.06754313
-0.09928778,0.04158331
-0.08179667,-0.013582478
-0.07408,-0.023793552
-0.08694111,-0.027031489
-0.074594446,-0.041067775
-0.06790667,-0.04354981
-0.066877775,-0.0613007
-0.039612222,-0.06706444
-0.015433333,-0.06750233
-0.03446778,-0.008895096
-0.029837778,-0.0773471
-0.031895556,0.005872448
-0.026236666,-0.009468007
0.019034445,0.0046364395
-0.03806889,0.010038449
-0.014918889,0.008555563
-0.033953335,0.014562844
-0.015433333,0.08453914
-0.050415557,0.040428657
-0.045785554,-0.029787857
-0.07613778,0.013370025
-0.06224778,-0.024597872
-0.06379111,-0.00561209
-0.074594446,0.019216802
-0.07613778,0.02004265
-0.101345554,-0.003228981
-0.096715555,0.02936526
-0.096201114,0.017530825
-0.08694111,0.016479962
-0.08128222,0.018841784
-0.066363335,0.039427206
-0.09517222,0.046299543
-0.07562333,0.039585385
-0.06945,0.055348493
-0.039612222,0.06533269
-0.04167,0.07954404
-0.011832222,0.05799083
-0.020063333,0.04094943
0.0066877776,0.069427244
0.02315,0.0819217
0.015433333,0.0451002
0.02778,0.04503275
0.057103332,0.008792676
0.05556,0.07373695
0.048357777,0.07581614
0.059675556,0.08721001
0.07562333,0.009433029
0.09465778,0.06558165
0.05093,0.057708252
0.07665222,0.054018084
0.11677889,0.0479081
0.12295222,0.04728975
0.047843333,0.048660334
0.096201114,0.09318763
0.100831114,-0.023720201
0.10186,0.03694038
0.060704444,0.04624999
0.06019,0.041649003
0.061218888,0.021620281
0.038583335,0.079477414
-0.01389,-0.10316513
-0.04887222,-0.09563047
0.019034445,-0.10053192
-0.039612222,-0.080523446
-0.03241,-0.14182237
-0.066877775,-0.14112443
-0.048357777,-0.12084176
-0.08128222,-0.13079591
-0.069964446,-0.14157481
-0.11472111,-0.1382989
-0.10854778,-0.15617749
-0.08951333,-0.16274205
-0.14301555,-0.1611174
-0.15433334,-0.13293034
-0.1852,-0.14086132
-0.14250112,-0.14169781
-0.22069667,-0.13900262
-0.1852,-0.11412108
-0.19497444,-0.12903437
-0.17748334,-0.1154082
-0.18571444,-0.11456073
-0.16410778,-0.10802619
-0.15381889,-0.08190022
-0.14404444,-0.08097286
-0.11523555,-0.07463282
-0.13787112,-0.09535283
-0.096715555,-0.08242467
-0.09825889,-0.08320911
-0.08642667,-0.084076665
-0.15227556,-0.06669255
-0.13169777,-0.07148381
-0.13992889,-0.0686506
-0.12140889,-0.053608466
-0.10649,-0.05974951
-0.11677889,-0.0554968
-0.09825889,-0.057815958
-0.069964446,-0.04589201
-0.08179667,-0.043502983
-0.07305111,-0.044374403
0.0,-0.027580205
0.0,-0.04643922
0.0,-0.040946584
0.0,-0.02499367
0.0,-0.034195572
0.0,-0.025522456
0.0,-0.032694783
0.0,-0.018731484
0.0,-0.036953084
0.0,-0.021447144
0.0,-0.029141825
0.0,-0.029034805
0.0066877776,-0.08274515
0.01389,-0.08378156
0.011317777,-0.08065489
0.014918889,-0.08384818
0.022635555,-0.08182773
0.024178889,-0.0825934
0.014404444,-0.08160228
0.028294444,-0.081393
0.023664445,-0.0824624
0.02778,-0.08199302
0.043727778,-0.12126721
0.030866666,-0.11757581
0.033438887,-0.1014102
0.041155554,-0.0023437692
0.024178889,-0.020599142
0.02778,-0.082994655
0.025722222,-0.0830445
0.030352222,-0.08332041
0.037554443,-0.08366176
0.021606667,-0.08397882
0.014404444,-0.084220044
0.029837778,-0.0844468
0.010288889,-0.08476405
0.018005555,-0.08494848
0.024178889,-0.085088104
0.026236666,-0.08534302
0.017491112,-0.085585095
0.008231111,-0.085194886
0.011317777,-0.08320646
0.06893556,0.011792726
0.08951333,0.01113912
0.02778,-0.0038479744
-0.14661667,-0.0044563217
-0.10340333,-0.00047885906
-0.049386665,0.00010665227
-0.08231111,0.004149697
-0.04269889,-0.07695779
-0.0463,-0.07328999
-0.10649,0.003787757
-0.015947778,0.0049111554
-0.07613778,0.034139987
-0.055045556,0.035601262
-0.05556,0.027773831
0.020577777,0.03274545
-0.045785554,0.045886386
-0.03806889,0.033783704
-0.057103332,0.038323645
0.019034445,0.03058004
-0.0051444443,0.0053986134
-0.0015433333,0.043616652
0.042184446,0.033457063
0.0108033335,0.043962177
0.00926,0.04021651
-0.010288889,0.0283105
-0.022635555,0.027219635
-0.03241,0.01977577
0.08025333,0.01498934
0.010288889,-0.0057351803
-0.028808888,0.037512075
0.052987777,0.022160068
-0.029323334,0.039911862
-0.009774445,0.035039093
0.05916111,-1.5954487e-05
0.0015433333,0.03379083
0.04167,0.007403789
0.074594446,0.00045093056
0.0025722221,0.009703316
0.00463,0.0028086184
0.09517222,-0.03775656
0.010288889,-0.018800095
0.07768111,-0.005082882
0.049901113,-0.008899513
-0.04732889,-0.009571341
0.020577777,-0.010551962
0.021606667,-0.009750198
0.012346666,-0.010519008
-0.024178889,-0.015613013
-0.020577777,-0.019583337
-0.030352222,-0.014705046
-0.043727778,-0.01745049
-0.03446778,-0.01753699
-0.04269889,-0.016938195
-0.0015433333,-0.0137433605
-0.04887222,-0.017827332
-0.044756666,-0.015569794
-0.046814445,-0.015580435
-0.060704444,-0.016959641
-0.014918889,-0.014819606
-0.021606667,-0.012669575
-0.020063333,-0.012505588
-0.015947778,-0.017133933
-0.028808888,-0.021899015
0.031895556,-0.015390196
-0.0010288889,-0.02073253
-0.03138111,-0.018974885
-0.0056588887,-0.014699019
0.0041155554,-0.025011174
-0.04732889,-0.027824804
-0.05916111,-0.022172596
-0.06482,-0.024365462
-0.069964446,-0.025928926
-0.02212111,-0.024912678
-0.15793444,-0.033322696
-0.10546111,-0.03037693
-0.08076778,-0.01916062
-0.12295222,-0.023205407
-0.09928778,-0.021832503
-0.074594446,-0.001955242
-0.13015445,-0.022740737
-0.17594,-0.020757027
-0.09723,-0.0029644957
-0.15793444,-0.010263377
-0.12861112,-0.011210677
-0.16925222,-0.010634274
-0.13015445,-0.008439078
-0.09877333,0.025310703
-0.18931556,0.01887371
-0.096201114,0.031847287
-0.08848444,0.027849067
0.1852,-0.071918964
0.0,-0.07851514
0.0,-0.079333946
0.0,-0.079723395
0.0,-0.081076175
0.0,-0.08239275
0.0,-0.08366853
-0.1,-0.08491936
-0.1,-0.088852495
-0.1,-0.090385154
-0.1,-0.091869935
-0.1,-0.093534276
-0.1,-0.095278576
-0.2,-0.09702706
-0.2,-0.09853765
-0.2,-0.100046635
-0.1,-0.10132173
-0.1,-0.10247441
-0.1,-0.1036174
-0.1,-0.10473664
-0.1,-0.10549545
-0.3,-0.10603453
-0.3,-0.10638785
-0.2,-0.10635428
-0.3,-0.106635764
-0.3,-0.10635997
-0.3,-0.10599691
-0.3,-0.10563743
-0.4,-0.10531853
-0.4,-0.10439198
-0.19291666,-0.072581425
-0.17285334,-0.10262856
-0.12295222,-0.106114425
-0.20680666,-0.09652294
-0.07665222,-0.101707086
-0.06430556,-0.08963996
-0.22687,-0.06952292
-0.12295222,-0.07723348
-0.09157111,-0.07373179
-0.0463,-0.093180165
-0.08797,-0.08621148
-0.10186,-0.0767995
-0.047843333,-0.079334654
-0.079738885,-0.080285646
-0.11523555,-0.06431473
-0.20011888,-0.056777377
-0.16976666,-0.05343547
-0.16513667,-0.045272373
-0.14507334,-0.038840108
-0.15639111,-0.03686559
-0.10751889,-0.03026839
-0.08848444,0.006626513
-0.12809667,0.0045523783
-0.100316666,0.021493126
-0.08334,-0.0102331815
0.0,0.0034069354
0.0,0.016778845
0.0,0.014809101
0.0,-0.06035598
0.0,-0.044102173
0.0,0.008800137
0.0,0.004200355
0.0,0.0042007985
0.0,-3.9932318e-05
0.0,0.0027221339
0.0,-0.059715156
0.0,-0.04404999
0.0,-0.00040551554
0.0,-0.006054259
0.0,-0.003751508
0.0,-0.0055822683
0.0,-0.0051812
0.0,-0.0074768523
0.0,-0.006994088
0.0,-0.009089832
0.0,-0.022096641
0.0,-0.011186681
0.0,0.003664934
0.0,0.003001892
0.0,0.0025146222
0.0,-0.004179164
0.0,-0.010968647
0.0,0.00048982445
0.0,0.007067873
0.0,-0.018050876
0.0,0.0047124764
0.0,0.011673884
0.0,0.00234704
0.0,0.0050457725
0.0,-0.058972407
0.0,-0.06360359
0.0,-0.06234433
0.0,-0.056607816
0.0,-0.05931573
0.18571444,-0.0077992054
0.20217666,-0.00866882
0.12038,0.003453183
0.079224445,0.0023423051
0.10237444,-0.0029561808
0.023664445,0.0041171154
0.050415557,-0.008454757
0.13941444,0.02786469
0.15330444,0.01337229
0.13581334,-0.038264323
0.11935111,0.011964944
0.12038,-0.02893835
0.1306689,-0.06320123
0.12964,-0.003156093
0.07408,-0.0053992933
0.15021777,-0.010448877
0.14455889,-0.01311455
-0.0025722221,-0.008888395
-0.00463,-0.04563642
-0.033438887,-0.0090603465
-0.069964446,-0.012162755
-0.023664445,-0.0031028679
-0.07819556,-0.0029504737
-0.04887222,-0.0046479153
0.030866666,-0.0014322018
-0.030352222,-0.0148860505
-0.003601111,1.5881844e-05
0.00463,-0.012292876
0.0010288889,-0.009845353
0.0051444443,-0.0013393695
0.026236666,-0.0094055785
0.012346666,-0.0138893025
0.0020577777,-0.0120808175
0.03446778,-0.009018901
-0.020063333,-0.010430164
0.03138111,-0.01706767
-0.010288889,-0.021758363
0.03241,-0.023230221
0.03446778,-0.03371624
0.04064111,-0.021584187
0.040126666,-0.04555251
0.0010288889,-0.04382955
0.055045556,-0.029961284
-0.0051444443,-0.036496535
0.0010288889,-0.033900395
0.011832222,-0.037052855
-0.010288889,-0.039302025
0.003601111,-0.034338053
-0.011832222,-0.033063512
0.006173333,-0.026253395
-0.05658889,-0.026281144
-0.041155554,-0.03002394
-0.01954889,-0.02772896
0.0108033335,-0.023444254
0.0025722221,-0.019998748
-0.030352222,-0.014610807
-0.0015433333,-0.014505963
0.003601111,-0.011099632
-0.0051444443,-0.010859572
0.0010288889,0.011365554
0.04167,-0.0046950923
0.015947778,-0.011942566
0.009774445,-0.00037994888
-0.009774445,-0.008466215
0.0056588887,-0.010775744
0.049386665,0.00012997258
0.042184446,0.05338518
0.02212111,0.057100613
0.06379111,0.051527705
0.02778,0.060923804
0.04064111,0.06626979
0.05401667,0.07128035
0.08436889,0.060843874
0.071507774,0.052563254
0.08436889,0.058760922
0.033953335,0.058157045
0.022635555,0.048721015
0.025207778,0.053696238
0.04732889,0.06315607
-0.01852,0.00967463
-0.033438887,0.008420625
-0.03241,0.01358614
-0.020577777,0.009448999
-0.023664445,0.007829557
-0.025722222,0.011484283
-0.031895556,0.0073231617
-0.019034445,0.011256351
-0.009774445,0.01703088
-0.015947778,0.006367418
-0.017491112,0.011405316
-0.0025722221,0.007863765
0.015433333,0.016671091
0.0066877776,0.0065696957
0.008231111,0.017285783
0.0030866666,0.013907506
0.003601111,0.009124323
-0.020577777,0.016620673
-0.020577777,0.023606818
-0.039612222,0.011180951
-0.010288889,0.025813691
-0.03241,0.028657764
-0.060704444,0.036025185
-0.01852,0.041265797
-0.042184446,0.048008088
-0.0066877776,0.050650958
-0.0051444443,0.046652902
0.015433333,0.047215857
0.010288889,0.049498837
0.034982223,0.052656304
0.020063333,0.05172338
0.03806889,0.05124699
0.04064111,0.051242735
0.026236666,0.05406817
0.037554443,0.053266786
0.038583335,0.0530332
0.04064111,0.046278965
0.028294444,0.046351172
0.021606667,0.05530275
0.051444445,0.054196365
0.024178889,0.055324845
0.04424222,0.056575995
0.03446778,0.056512684
0.05093,0.057247926
0.056074444,0.05807839
0.024693333,0.058529343
0.028294444,0.05916139
0.047843333,0.060052294
0.047843333,0.060585048
0.035496667,0.06115931
0.04269889,0.061935272
0.03446778,0.06294497
0.058646668,0.063243665
0.040126666,0.0642668
0.030866666,0.06485957
0.047843333,0.06477679
0.034982223,0.065981105
0.044756666,0.06687774
0.05195889,0.06749159
0.048357777,0.06750916
0.03446778,0.06902624
0.049901113,0.069666214
0.03806889,0.07020194
0.03806889,0.07154988
0.06584889,0.07128847
0.04424222,0.07398376
0.07408,0.07514885
0.046814445,0.07673649
0.052987777,0.0778541
0.039612222,0.0792701
0.06533445,0.08036015
0.056074444,0.07985158
0.06739222,0.08181454
0.04887222,0.08264959
0.044756666,0.0827429
0.059675556,0.081990756
0.039612222,0.080771506
0.050415557,0.07961889
0.047843333,0.08241966
0.03909778,0.08331861
0.043213334,0.08257912
0.04064111,0.08210602
0.025207778,0.081219584
0.03241,0.082805805
0.043727778,0.080649026
0.029837778,0.08191287
0.03241,0.08078759
0.03241,0.079743445
0.043213334,0.07724814
0.042184446,0.079720914
0.043727778,0.07936941
0.016976668,0.07966946
0.04732889,0.081862666
0.03704,0.07733006
0.043213334,0.075913705
0.042184446,0.07657523
0.051444445,0.07731507
0.028808888,0.078147635
0.017491112,0.078320414
0.023664445,0.07792905
0.022635555,0.07374028
0.034982223,0.074690364
0.046814445,0.069051445
0.01954889,0.07317765
0.011832222,0.06797572
0.034982223,0.06778261
0.012346666,0.06592969
0.024178889,0.06556456
0.02212111,0.06490561
0.024693333,0.06548364
0.018005555,0.0614937
0.024693333,0.061916094
-0.007202222,0.0608428
0.023664445,0.05651069
0.019034445,0.060954493
-0.017491112,0.057022993
-0.011832222,0.059060667
0.0010288889,0.057414252
0.0,0.063281
-0.02778,0.06188253
0.0041155554,0.060911726
-0.0051444443,0.060543153
-0.011832222,0.05839132
-0.007202222,0.058971602
-0.0030866666,0.057681393
0.0066877776,0.061378483
0.016976668,0.060999993
0.008231111,0.07043337
0.00463,0.043645803
0.011832222,0.052051652
0.0,0.054205928
-0.0041155554,0.059215758
0.012861111,0.05724636
0.009774445,0.053086113
-0.016462222,0.05305137
0.01389,0.056313686
-0.011832222,0.050586175
0.00463,0.05287861
0.0025722221,0.052927397
0.009774445,0.052271653
0.0020577777,0.05568577
-0.0056588887,0.053702068
0.0015433333,0.061013762
0.0066877776,0.035959058
0.01954889,0.054283585
0.0015433333,0.059827592
0.008231111,0.041629124
-0.006173333,0.02961817
-0.02212111,0.027639247
-0.0010288889,0.044786062
-0.0025722221,0.038819607
0.0041155554,0.042397946
-0.025207778,0.052849006
-0.02212111,0.04032721
-0.022635555,0.05082109
-0.019034445,0.05086234
-0.015433333,0.047867883
-0.0077166664,0.04239903
0.0066877776,0.034074668
-0.0056588887,0.035511453
-0.02315,0.04219238
-0.0041155554,0.028602082
-0.0041155554,0.022510674
-0.014918889,0.030368809
-0.0020577777,0.036810752
-0.0056588887,0.023426387
-0.008231111,0.034083296
-0.0056588887,0.036302995
-0.0025722221,0.03655984
-0.0020577777,0.018580068
0.015947778,0.032612436
0.0020577777,0.024921868
0.008231111,0.02553298
0.011832222,0.030525323
-0.0015433333,0.030203577
-0.0025722221,0.02671991
0.00926,0.03140343
-0.02212111,0.03272642
-0.008231111,0.03156898
-0.049386665,0.032918196
-0.033953335,0.02861347
-0.04732889,0.034746557
-0.042184446,0.039830443
-0.0463,0.04472726
-0.049901113,0.050318014
-0.08642667,0.052610613
-0.04887222,0.054595526
-0.06739222,0.058891486
-0.074594446,0.06202061
-0.04064111,0.06709438
-0.079738885,0.068064705
-0.037554443,0.068353325
-0.06379111,0.07019652
-0.06533445,0.069268204
-0.07202222,0.07038922
-0.03909778,0.07091691
-0.07047889,0.07212414
-0.04732889,0.07042432
-0.05093,0.07467658
-0.059675556,0.07031351
-0.031895556,0.0679509
-0.07253667,0.07205552
-0.04527111,0.069898956
-0.06019,0.070881665
-0.04167,0.06889889
-0.043727778,0.046705004
-0.06379111,0.058255207
-0.052987777,0.04981404
-0.047843333,0.055229526
-0.051444445,0.04397906
-0.060704444,0.05183107
-0.060704444,0.025934637
-0.057103332,0.030180227
-0.04167,0.01700164
-0.058132224,0.007346563
-0.049386665,0.0072057648
-0.051444445,0.005698302
-0.042184446,-0.0012379913
-0.05093,-0.0057603056
-0.03909778,-0.020486545
-0.045785554,-0.02977474
-0.042184446,-0.023355845
-0.037554443,-0.05723427
-0.039612222,-0.030387532
-0.041155554,-0.020575792
-0.034982223,-0.05981017
-0.029837778,-0.023841202
-0.04887222,-0.020961497
-0.032924443,-0.026517298
-0.03704,-0.030075632
-0.048357777,-0.026945222
-0.025207778,-0.034759246
-0.02778,-0.031257357
-0.024178889,-0.036470313
-0.025722222,-0.04888895
-0.025722222,-0.05189069
-0.031895556,-0.0554446
-0.012346666,-0.06490133
-0.021606667,-0.05221383
-0.01954889,-0.05828713
-0.00051444443,-0.07570203
-0.031895556,-0.08534267
-0.03806889,-0.073233455
-0.027265556,-0.088863514
-0.030352222,-0.08881995
-0.060704444,-0.08761463
-0.049386665,-0.08903065
-0.049901113,-0.10805313
-0.071507774,-0.09455562
-0.05195889,-0.09815976
-0.07613778,-0.11570887
-0.042184446,-0.10720024
-0.066363335,-0.11289907
-0.071507774,-0.11570342
-0.05556,-0.11160932
-0.049901113,-0.119528234
-0.030866666,-0.09197235
-0.08025333,-0.10125784
-0.056074444,-0.049883697
-0.071507774,-0.1278418
-0.057103332,-0.09676211
-0.08951333,-0.08275638
-0.052987777,-0.09134181
-0.057617776,-0.07366286
-0.06533445,-0.07129697
-0.06224778,-0.05255553
-0.08334,-0.044647288
-0.010288889,-0.050179645
-0.05195889,-0.039625257
-0.036525555,-0.033026688
-0.025722222,-0.02630607
-0.003601111,-0.016708322
-0.008231111,-0.01682838
-0.01389,-0.027343273
-0.021606667,-0.028928705
-0.00051444443,-0.024408665
0.0010288889,-0.033077985
-0.030352222,-0.027076084
0.0,-0.020924214
0.0077166664,-0.032504432
-0.028294444,-0.037563995
-0.014918889,-0.035633855
0.0056588887,-0.024952136
-0.015947778,-0.028676607
0.014404444,-0.026193712
-0.0041155554,-0.023860786
0.0066877776,-0.023971409
0.011317777,-0.029974189
0.016976668,-0.03201222
-0.007202222,-0.02745086
0.034982223,-0.03036125
0.019034445,-0.005920504
-0.024178889,-0.0095996605
0.027265556,-0.009589947
0.011832222,-0.0071361726
0.0066877776,-0.027523786
0.0066877776,-0.05834157
0.0020577777,-0.059162308
0.00926,-0.05944064
0.015433333,-0.059628665
0.025722222,-0.060449738
0.0020577777,0.029857647
0.009774445,-0.04277544
0.010288889,-0.0632196
0.016462222,0.037894517
0.018005555,-0.067571625
0.011317777,-0.07119179
0.03241,-0.054052707
-0.00463,-0.06584396
-0.0066877776,-0.061118323
-0.013375555,-0.06673192
-0.024178889,-0.07559269
-0.03601111,-0.08305767
-0.0463,-0.0758988
-0.055045556,-0.07784948
-0.055045556,-0.082342625
-0.06739222,-0.09102634
-0.08539778,-0.08355108
-0.06893556,-0.077269614
-0.09311444,-0.07639849
-0.08025333,-0.085642464
-0.058132224,-0.08730151
-0.08076778,-0.099924885
-0.06430556,-0.09197847
-0.057103332,-0.09326896
-0.07768111,-0.08481014
-0.06276222,-0.08804716
-0.07356556,-0.08955092
-0.05916111,-0.09517774
-0.05556,-0.08342048
-0.05350222,-0.0812484
-0.06584889,-0.08467448
-0.03909778,-0.08509497
-0.03138111,-0.092624284
-0.070993334,-0.08537257
-0.049901113,-0.08559872
-0.03704,-0.08702251
-0.033953335,-0.08403538
-0.034982223,-0.090501174
-0.026236666,-0.089724645
-0.070993334,-0.08896635
-0.03446778,-0.08842478
-0.047843333,-0.08612795
-0.06276222,-0.08679877
-0.028808888,-0.08455587
-0.045785554,-0.08727391
-0.049386665,-0.08681288
-0.051444445,-0.08615602
-0.06790667,-0.0850029
-0.054531112,-0.07956379
-0.047843333,-0.083763465
-0.07819556,-0.083392724
-0.14610222,-0.08135848
-0.1306689,-0.07904184
-0.13684222,-0.06697039
-0.11575,-0.059979204
-0.12655333,-0.022026163
-0.113692224,-0.033974666
-0.10391778,-0.04816886
-0.112663336,-0.04108249
-0.079224445,-0.042402655
-0.07665222,-0.045631107
0.0,-0.031428985
0.0,-0.031662993
0.0,-0.029114667
0.0,-0.035971377
0.0,-0.033750508
0.0,-0.032311764
0.0,-0.0334223
0.0,-0.028095141
0.0,-0.022265043
0.0,-0.016841406
0.0,-0.0014913464
0.0,-0.006505926
0.0,0.0026104776
0.0,-0.005944035
0.0,-0.0014697714
0.0,-0.0016562073
0.0,-0.0017400393
0.0,-0.0013251184
0.0,-0.0027409112
0.0,-0.0011690604
0.0,-0.0027847262
0.0,-0.002028712
0.0,-0.0017785253
0.0,-0.0014489619
0.0,-0.0018900232
0.0,-0.0018900139
0.0,-0.002701805
0.0,-0.0021275403
0.0,-0.0010759598
0.0,-0.0026208581
0.0,-0.0014617955
0.0,-0.00041705463
0.0,-0.003585481
0.0,-0.0016097901
0.0,-0.0021950463
0.0,-0.0010231016
0.0,-0.0028365357
0.0,-0.00048036035
0.0,-0.002787781
0.0,-0.0015369644
0.0,-0.0016438765
0.0,-0.0011136839
0.0,-0.0026839888
0.0,-0.0032181023
0.0,-0.002111814
0.0,-0.009312828
0.0,-0.007105545
0.0,-0.0076175807
0.0,0.001381374
0.0,0.001145116
0.0,0.008373543
0.0,0.0013999706
0.0,0.0016579153
0.0,0.005282716
0.0,0.013733712
0.0,0.016072266
0.0,0.016183387
0.0,0.02505871
0.0,0.03504263
0.0,0.027144652
0.0,0.034482356
0.0,0.03926606
0.0,0.05778748
0.0,0.088651344
0.0,0.063751966
0.0,0.080229744
0.0,0.07937543
0.0,0.0780637
0.0,0.0885933
0.0,0.09363166
0.07047889,0.09448489
0.08694111,0.08575064
0.07871,0.074346796
0.10700444,0.058396164
0.13324112,0.08754399
0.14661667,0.09341257
0.14353,0.09132601
0.17439666,0.08926754
0.17028111,0.089783095
0.19085889,0.08908912
0.12706777,0.092263415
0.12501,0.08314193
0.14095777,0.06665628
0.11986556,0.09248093
0.10649,0.08777427
0.11163444,0.091388285
0.12038,0.082463905
0.10186,0.07710699
0.10700444,0.08215453
0.109576665,0.08914232
0.09928778,0.0890768
0.09465778,0.0874858
0.10186,0.083823636
0.10340333,0.081326306
0.113692224,0.07547956
0.08025333,0.069961846
0.10340333,0.060097236
0.08025333,0.05532232
0.10649,0.07418772
0.10700444,0.055416524
0.09568667,0.055134155
0.08488333,0.056071695
0.07408,0.055951133
0.07202222,0.056633156
0.051444445,0.049424727
0.08848444,0.059059035
0.06276222,0.04824611
0.08128222,0.051564332
0.06430556,0.049947314
0.04424222,0.043814804
0.06379111,0.044516113
0.05658889,0.046137754
0.06430556,0.045857456
0.061218888,0.050781365
0.044756666,0.04860962
0.047843333,0.053886686
0.05093,0.056113847
0.030352222,0.057737026
0.00463,0.0503607
0.0030866666,0.053869758
-0.00463,0.058889527
0.0108033335,0.059087273
0.014918889,0.062625706
0.012346666,0.06536012
0.03446778,0.06263134
-0.016976668,0.041058492
-0.0108033335,0.06233689
0.009774445,0.04479103
0.023664445,0.07199521
0.015947778,0.055818085
0.030352222,0.07157903
0.016976668,0.07214868
-0.0077166664,0.07760216
0.0020577777,0.07662401
0.0056588887,0.07751025
0.028808888,0.08158623
0.027265556,0.08139738
0.022635555,0.08143109
0.028294444,0.07973303
0.029837778,0.080350585
0.0025722221,0.08548695
0.045785554,0.07896754
0.025207778,0.075648926
0.03806889,0.07914585
0.041155554,0.07434415
0.054531112,0.0832627
0.032924443,0.07522644
0.040126666,0.06992686
0.03806889,0.06069367
0.04424222,0.06266115
0.05556,0.060707103
0.021092223,0.0841631
0.0463,0.046582837
0.029323334,0.0716311
0.041155554,0.08467464
0.012346666,0.034830105
0.020063333,0.08956503
0.03704,0.018536247
0.028294444,0.08906254
0.030352222,0.079422936
0.02675111,0.07713399
0.035496667,0.05881587
0.042184446,0.057860766
0.029323334,0.029394615
-0.0041155554,0.021553606
0.035496667,0.013751152
0.031895556,0.02299421
0.019034445,0.04333212
0.033438887,0.017307688
0.009774445,0.010748318
0.031895556,0.022447836
0.018005555,0.028593484
0.01954889,0.02573102
0.040126666,0.028994195
0.043727778,0.026121888
0.021606667,0.024394777
0.031895556,0.023624063
0.015433333,0.021455955
0.020577777,0.024294667
0.04269889,0.023521207
0.020577777,0.027364649
0.029837778,0.028636333
0.030352222,0.041308533
0.003601111,0.009948454
0.015947778,0.01909357
0.013375555,0.028458253
0.021092223,0.04890922
0.028294444,0.03137757
-0.00463,0.028638601
-0.0108033335,0.032652
0.012861111,0.02204251
-0.012346666,0.026918728
-0.03138111,0.036119785
0.007202222,0.036545757
-0.0020577777,0.04137271
-0.0041155554,0.04089697
-0.03601111,0.026257738
-0.03601111,0.018947102
-0.015947778,0.055196088
-0.02315,0.07939531
-0.041155554,0.060152393
-0.02778,0.034921534
-0.024693333,0.00094504934
-0.04887222,0.04768319
-0.06790667,0.0687843
-0.060704444,0.064019516
-0.028808888,0.07192451
-0.061218888,0.0737596
-0.057617776,0.070746005
-0.038583335,0.07357915
-0.043727778,0.013502111
-0.02315,0.07846606
-0.012861111,0.07221999
-0.00051444443,0.07838312
0.0030866666,0.07884143
0.0056588887,0.060279313
0.00926,0.07476105
0.03241,0.0676782
0.026236666,0.065876454
0.015947778,0.065864675
0.03241,0.07737281
0.021092223,0.066752076
0.015433333,0.069049045
-0.030352222,0.06326996
0.008231111,0.061484102
-0.0041155554,0.07198779
-0.027265556,0.07635324
-0.03446778,0.06629671
-0.027265556,0.0714795
-0.02675111,0.04981308
-0.04887222,0.07215239
-0.05350222,0.029197726
-0.04064111,0.03235798
-0.014918889,0.07636155
-0.05195889,0.075820155
-0.0463,0.06622711
-0.031895556,0.07466209
-0.02675111,0.074118726
-0.035496667,0.06359186
-0.03241,0.06454717
-0.031895556,0.06979536
-0.025207778,0.05403469
-0.027265556,0.05735298
-0.043727778,0.039492298
-0.02212111,0.034348223
-0.00926,0.055141244
-0.031895556,-0.030551024
-0.03138111,0.062408987
-0.02675111,0.03574002
-0.03704,-0.007455945
-0.025207778,0.04427719
-0.016976668,-0.043379348
-0.037554443,-0.064768635
-0.009774445,-0.0025462122
-0.027265556,-0.06375635
-0.03601111,-0.04807781
-0.014918889,-0.06245229
-0.0010288889,-0.057356104
-0.012861111,-0.075587496
-0.0066877776,-0.07776943
-0.017491112,-0.07214759
-0.018005555,-0.06862847
-0.028808888,-0.07083346
-0.03704,-0.07293203
-0.060704444,-0.071362615
-0.06019,-0.075187504
-0.08436889,-0.07210321
-0.096201114,-0.073347926
-0.09362889,-0.06002724
-0.11060555,-0.053248633
-0.09774444,-0.073486924
-0.11214889,-0.066488355
-0.12501,-0.0714446
-0.11883666,-0.07190542
-0.113692224,-0.07565933
-0.10391778,-0.073233455
-0.101345554,0.016338881
-0.10649,-0.06409865
-0.11060555,-0.07180845
-0.09568667,-0.07296328
-0.11883666,-0.078929886
-0.10237444,-0.07987796
-0.08797,-0.08201555
-0.09928778,-0.07926385
-0.05916111,-0.07076557
-0.083854444,-0.07354253
-0.06893556,-0.0795781
-0.07408,-0.062068935
-0.06790667,-0.060019854
-0.058646668,-0.08057663
-0.047843333,-0.06903321
-0.058646668,-0.06584302
-0.033953335,-0.06910733
-0.03806889,-0.07800001
-0.04527111,-0.074723676
-0.040126666,-0.08279119
-0.036525555,-0.08465348
-0.041155554,-0.05351356
-0.03138111,-0.0920746
-0.044756666,-0.051140472
-0.029323334,-0.08462729
-0.04887222,-0.09132852
-0.05658889,-0.046321798
-0.043727778,-0.08185885
-0.058646668,-0.08203337
-0.051444445,-0.09034733
-0.04732889,-0.0971176
-0.03909778,-0.082028314
-0.0463,-0.07301064
-0.04424222,-0.07209404
-0.042184446,-0.07025959
-0.037554443,-0.07093287
-0.036525555,-0.068345696
-0.04732889,-0.05642746
-0.037554443,-0.05352633
-0.046814445,-0.043830417
-0.04527111,-0.042816617
-0.051444445,-0.038636785
-0.12089445,-0.037466448
-0.023664445,-0.04107577
-0.039612222,-0.048835356
-0.028294444,-0.040146273
-0.10288889,-0.03732644
-0.09311444,-0.06560531
-0.0926,-0.06725654
-0.08282556,-0.055493664
-0.09002778,-0.062999904
-0.07356556,-0.053026613
0.0,-0.047288958
-0.09054222,-0.046934593
-0.08076778,-0.04123069
-0.08231111,-0.033677265
0.0,-0.031020332
0.0,-0.03810848
0.0,-0.03762769
0.0,-0.02166437
0.0,-0.02172887
0.0,-0.023708299
0.0,-0.02907969
0.0,-0.022498816
0.0,-0.018235397
0.0,-0.019151725
0.0,-0.015068625
0.0,-0.016669765
0.0,-0.009945274
0.0,-0.01035859
0.0,-0.010160248
0.0,-0.0046220785
0.0,-0.010819337
0.0,-0.0073560746
0.0,-0.0073521333
0.0,-0.004024732
0.0,-0.004708688
0.0,-0.003264089
0.0,-0.0027960585
0.0,0.0001810072
0.0,-0.00042819325
0.0,-0.0015072478
0.0,-0.009569489
0.0,-0.019910738
0.0,-0.009093714
0.0,-0.008864158
0.0,-0.009813082
0.0,-0.009453009
0.0,-0.009113274
0.0,-0.008525561
0.0,-0.008257867
0.0,-0.015868746
0.0,-0.0051457984
0.0,0.00016863178
0.0,-0.0063165547
0.0,-0.0037275227
0.0,-0.0040654307
0.0,0.006910366
0.0,0.009848508
0.0,0.021190524
0.0,0.02689214
0.0,0.027908072
0.0,0.039935768
0.0,0.034083057
0.0,0.039731592
0.0,0.046615604
0.0,0.04298345
0.0,0.057898823
0.0,0.038072266
0.0,0.0609559
0.0,0.06716609
0.0,0.08106396
0.08076778,0.076191776
0.07871,0.09043056
0.07562333,0.08526849
0.08076778,0.074910395
0.0926,0.07193084
0.104432225,0.09859893
0.117807776,0.0862658
0.10597555,0.066944346
0.11883666,0.075835526
0.13427,0.05754103
0.046814445,0.09198995
0.061218888,0.095123
0.08231111,0.08201919
0.09568667,0.087056495
0.079738885,0.080132075
0.07665222,0.027215067
0.079738885,0.07125828
0.109576665,0.05690552
0.08231111,0.07086856
0.087455556,0.07162737
0.100831114,0.08137034
0.09105667,0.07376312
0.09414333,0.07406127
0.08642667,0.062221486
0.10597555,0.045849953
0.092085555,0.022138122
-0.12758222,-0.06264801
-0.14764556,-0.06386531
-0.13838555,-0.05343865
-0.1260389,-0.06261288
-0.14867444,-0.06657562
-0.121923335,-0.069959566
-0.117293335,-0.07164083
-0.14095777,-0.072780766
-0.117807776,-0.07120681
-0.104946665,-0.07004295
-0.12398111,-0.07373286
-0.11883666,-0.07219615
-0.11677889,-0.07210867
-0.13272667,-0.072012395
-0.13375555,-0.071275
-0.13735667,-0.072358415
-0.14558777,-0.07281753
-0.14713112,-0.07365317
-0.17491111,-0.06991833
-0.17388222,-0.06528455
-0.17182444,-0.076381475
-0.16565111,-0.0559566
-0.19137333,-0.07693634
-0.17285334,-0.0626404
-0.15484777,-0.04359298
-0.17696889,-0.04078076
-0.17028111,-0.03737563
-0.15279,-0.025033377
-0.12501,-0.025435075
-0.114206664,-0.017987387
-0.19754666,-0.017002497
-0.18314222,-0.015918836
-0.14970334,-0.01282213
-0.14867444,-0.011299697
-0.14713112,-0.0100760395
-0.11935111,-0.008767425
-0.10237444,-0.008287392
-0.09465778,-0.007684934
-0.092085555,-0.006843959
-0.10237444,-0.0064791506
0.0,-0.005775024
0.0,-0.0059721926
0.0,-0.0059581315
0.0,-0.0056756
0.0,-0.0058166096
0.0,-0.0059262654
0.0,-0.0056953756
0.0,-0.00566605
0.0,-0.0060444893
0.0,-0.005927938
0.0,-0.0063890973
0.0,-0.0056180833
0.0,-0.0065894118
0.0,-0.0058756927
0.0,-0.0057285773
0.0,-0.006940718
0.0,-0.005583725
0.0,-0.0062586637
0.0,-0.006577649
0.0,-0.006161242
0.0,-0.005623174
0.0,-0.0061405012
0.0,-0.0057559246
0.0,-0.005754755
0.0,-0.0058642337
0.0,0.025955494
0.0,0.018940628
0.0,0.064879015
0.0,0.026321832
0.08642667,0.020772006
0.083854444,0.06114844
0.08694111,0.040143397
0.09774444,0.06462507
0.11163444,0.0768146
0.112663336,0.08310144
0.12706777,0.08773242
0.12809667,0.07239305
0.1389,0.09173183
0.14455889,0.06330778
0.07202222,0.08388532
0.07356556,0.07714987
0.08694111,0.07408728
0.09877333,0.083853036
0.08951333,0.068783954
0.10854778,0.08243949
0.101345554,0.07177397
0.10546111,0.054962683
0.12089445,0.076181106
0.10751889,0.06631187
0.12809667,0.057808634
0.13169777,0.05079775
0.13221222,0.04900146
0.11832222,0.048902426
0.11214889,0.035518453
0.10391778,0.038231637
0.10340333,0.037822302
0.09774444,0.050000902
0.09054222,0.020280298
0.10391778,0.04053599
0.07819556,0.03692058
0.07356556,0.08982863
0.074594446,0.0014338214
0.07202222,0.010847063
0.08128222,0.024250057
0.07665222,0.048968326
0.07716667,0.030743573
0.08951333,0.014774685
0.06945,0.037647903
0.06019,0.038941406
0.054531112,0.0013158415
0.07253667,0.034998756
0.06173333,0.049136776
0.05093,0.040609553
0.04064111,0.021382581
0.04887222,0.018665269
0.041155554,0.026476342
0.038583335,0.033878367
0.036525555,0.040715825
0.049386665,0.04537534
0.04887222,0.032701414
0.0463,0.087214164
0.03601111,0.012423287
0.032924443,0.025854703
0.0463,0.04671512
0.027265556,0.06114817
0.03806889,-0.0055893185
0.025722222,0.04814838
0.041155554,0.04198536
0.015947778,0.04360622
0.031895556,0.044485103
0.0056588887,0.046839874
0.032924443,0.047401655
0.024178889,0.04524917
0.019034445,0.04363107
0.018005555,0.046741158
0.014404444,0.053233337
0.012861111,0.024636462
0.003601111,0.04986597
-0.079738885,-0.10243099
-0.079738885,-0.10361944
-0.06533445,-0.10323576
-0.057617776,-0.09947178
-0.07613778,-0.10781759
-0.06224778,-0.10919444
-0.06790667,-0.05334532
-0.07716667,-0.110894695
-0.07202222,-0.09973964
-0.07819556,-0.11533797
-0.057103332,-0.116120614
-0.07768111,-0.11820546
-0.07819556,-0.1195885
-0.08899889,-0.12076013
-0.10751889,-0.1213847
-0.117807776,-0.12254059
-0.12964,-0.122791685
-0.11677889,-0.12300323
-0.14507334,-0.12343079
-0.13427,-0.123108
-0.16873778,-0.12280548
-0.14353,-0.12332785
-0.15484777,-0.12327976
-0.15639111,-0.12303753
-0.16359334,-0.12273013
-0.15073222,-0.12172902
-0.16873778,-0.119550504
-0.18005556,-0.12076951
-0.15793444,-0.11998085
-0.18880111,-0.119196355
-0.15279,-0.11826104
-0.19446,-0.11636175
-0.19497444,-0.11065728
-0.19857556,-0.11230869
-0.18005556,-0.09579204
-0.18983,-0.10039794
-0.16873778,-0.10892507
-0.16256444,-0.070367746
-0.15536222,-0.0934931
-0.13375555,-0.07940514
-0.16462222,-0.06795292
-0.113692224,-0.07057936
-0.12089445,-0.06324755
-0.09825889,-0.061832856
-0.15896334,-0.061996408
-0.14918889,-0.06457781
-0.13169777,-0.068682775
-0.12089445,-0.064341575
-0.12809667,-0.063852884
-0.11060555,-0.066383414
-0.08797,-0.06590602
-0.08848444,-0.066889055
-0.07408,-0.06598217
-0.079224445,-0.06658579
0.0,-0.06576406
0.0,-0.065705515
0.0,-0.06488923
0.0,-0.065217614
0.0,-0.065788336
0.0,-0.06553852
0.0,-0.06593373
0.0,-0.065747194
0.0,-0.06489839
0.0,-0.06598314
0.0,-0.06499994
0.0,-0.063588135
0.0,-0.0649042
0.0,-0.06395527
0.0,-0.06441893
0.0,-0.061994422
0.0,-0.06284034
0.0,-0.06010596
0.0,-0.063627
0.0,-0.062838525
0.0,-0.06289589
0.0,-0.060566172
0.0,-0.057550766
0.0,-0.054983903
0.07202222,-0.05871815
0.07871,-0.053500105
0.07202222,-0.050276916
0.09414333,-0.034018945
0.083854444,-0.005067859
0.08797,0.0055319676
0.0926,0.003736456
0.09465778,0.008562137
0.104946665,0.037003323
0.10546111,0.034569975
0.039612222,0.03697186
0.01954889,0.051964324
0.045785554,0.041659
0.028808888,0.05173053
0.06327666,0.04686852
0.052987777,0.05431996
0.058132224,0.060742144
0.06276222,0.061508108
0.09723,0.06558143
0.070993334,0.06769162
0.08128222,0.066820316
0.12758222,0.068502374
0.100316666,0.066645294
0.121923335,0.059185263
0.08848444,0.06557266
0.11935111,0.05650675
0.11935111,0.06294657
0.11935111,0.04554862
0.09517222,0.053340625
0.13118333,0.0327436
0.117293335,0.04387872
0.10340333,0.038803063
0.10803334,0.02409612
0.07768111,0.026305992
0.10751889,0.018974278
0.06379111,0.013457776
0.083854444,0.011362488
0.060704444,0.012542342
0.060704444,0.0071393335
0.03806889,0.005598625
0.052987777,0.0014323276
0.03138111,0.0062998654
0.03446778,0.0003669709
0.05556,0.0020911014
-0.0051444443,-0.11268699
-0.022635555,-0.08199396
-0.028808888,-0.11473029
-0.025722222,-0.09867263
-0.03601111,-0.118152715
-0.05093,-0.11861691
-0.06327666,-0.11709176
-0.056074444,-0.11165054
-0.07562333,-0.07033801
-0.092085555,-0.055815507
-0.08334,-0.07192387
-0.09157111,-0.06921996
-0.066363335,-0.08610292
-0.10340333,-0.088712156
-0.09414333,-0.08937057
-0.087455556,-0.084226295
-0.08334,-0.09310979
-0.08436889,-0.07796837
-0.087455556,-0.080466636
-0.08076778,-0.047128063
-0.08591222,-0.0944552
-0.079224445,-0.08770643
-0.10597555,-0.062237468
-0.08076778,-0.07871148
-0.09311444,-0.08433982
-0.09928778,-0.040559214
-0.104946665,-0.04060138
-0.104946665,-0.05016611
-0.10288889,-0.053272016
-0.096715555,-0.04196013
-0.08951333,-0.041858267
-0.08642667,-0.030203901
-0.07202222,-0.030282672
-0.070993334,-0.01266636
-0.049386665,0.0116943205
-0.034982223,0.02100049
-0.025207778,0.044329382
-0.011832222,0.048049126
0.003601111,0.054748338
0.00926,0.058767054
0.019034445,0.06313236
0.029837778,0.06720669
0.039612222,0.07028146
0.052987777,0.067000434
0.04167,0.0705655
0.0463,0.07054729
0.06790667,0.06924382
0.057617776,0.06951244
0.071507774,0.07054186
0.08076778,0.07074429
0.09414333,0.07094332
0.08797,0.07089848
0.08951333,0.07166478
0.11317778,0.07235641
0.11060555,0.074237734
0.12861112,0.07646539
0.13632777,0.07944214
0.1352989,0.08112276
0.13015445,0.08239765
0.12655333,0.08335377
0.11883666,0.07659048
0.14867444,0.079949036
0.15381889,0.058156442
0.14198667,0.060826708
0.14867444,0.08107625
0.12809667,0.04305157
0.12295222,0.044647276
0.12861112,0.055608004
0.14353,0.06608198
0.15124667,0.049004193
0.15176111,0.075448394
0.14095777,0.0061036358
0.15381889,0.03414386
0.13581334,0.03466479
0.15073222,0.027134549
0.15587667,0.043975066
0.15536222,0.077445164
0.16102111,0.048188303
0.14250112,0.004945243
-0.07562333,-0.08348824
-0.06893556,-0.08325975
-0.09414333,-0.084543265
-0.09877333,-0.08847351
-0.10546111,-0.08109573
-0.11677889,-0.09078829
-0.11523555,-0.09203085
-0.10546111,-0.09362699
-0.11935111,-0.09046265
-0.104946665,-0.096877724
-0.10288889,-0.09809424
-0.15330444,-0.09690815
-0.09568667,-0.10677083
-0.11523555,-0.09206994
-0.109062225,-0.09231957
-0.12706777,-0.09195651
-0.112663336,-0.08906697
-0.12861112,-0.09609868
-0.10700444,-0.10558261
-0.122437775,-0.10244802
-0.13581334,-0.08829017
-0.09311444,-0.095248856
-0.12861112,-0.08766807
-0.12758222,-0.08221474
-0.13272667,-0.08613585
-0.08231111,-0.083403595
-0.104946665,-0.08351964
-0.06584889,-0.08099555
-0.09362889,-0.08033748
-0.06584889,-0.07866992
-0.04887222,-0.07657336
-0.06739222,-0.07725515
-0.043213334,-0.07456813
-0.03806889,-0.07454971
-0.03241,-0.071011916
-0.07356556,-0.07265666
-0.11986556,-0.073157534
-0.1260389,-0.067204095
-0.10237444,-0.057163317
-0.10700444,-0.048137713
-0.11214889,-0.045603104
-0.092085555,-0.03275041
-0.10237444,-0.05970298
-0.08128222,-0.04287009
-0.08025333,-0.03159791
-0.07047889,-0.010905155
0.0,-0.0358551
0.0,-0.029605031
0.0,-0.025829017
0.0,-0.011883308
0.0,-0.017531255
0.0,-0.0067632264
0.0,0.0001564445
0.0,-0.012339138
0.0,-0.0018456159
0.0,0.003889964
0.0,-0.008279529
0.0,-0.0077902144
0.0,0.0042608073
0.0,0.03486687
0.069964446,0.076197386
0.0,0.05757447
0.07253667,0.08209128
0.09465778,0.043799307
0.09157111,0.085710056
0.104432225,0.09327866
0.11472111,0.08721236
0.10288889,0.09009998
0.14970334,0.094139114
0.16668,0.087172195
0.10751889,0.09362464
0.17696889,0.090646826
0.12295222,0.06964316
0.11472111,0.071291134
0.13118333,0.08842587
0.117293335,0.091135174
0.11523555,0.07921283
0.14044334,0.09066447
0.096715555,0.09136414
0.10186,0.08975497
0.08076778,0.08857506
0.109062225,0.08995351
0.10854778,0.08881433
0.08076778,0.08923281
0.08848444,0.08854239
0.12861112,0.088516414
0.09157111,0.0877991
0.10186,0.08752473
0.09157111,0.08708453
0.10649,0.086304866
0.11883666,0.08621007
0.11472111,0.085788496
0.09002778,0.08532451
0.13324112,0.0847503
0.122437775,0.081512585
0.074594446,0.08091182
0.09774444,0.08161031
0.10546111,0.07351406
0.09723,0.0767902
0.070993334,0.08208264
0.079738885,0.087081686
0.048357777,0.08387773
0.056074444,0.06898526
0.038583335,0.08545174
0.029837778,0.08856675
0.030352222,0.0870585
0.050415557,0.087925315
0.027265556,0.076703
0.03241,0.08734792
0.023664445,0.08842838
0.03446778,0.08640367
0.043213334,0.084164396
0.03909778,0.084020175
0.05093,0.085297525
0.054531112,0.080835894
0.04527111,0.036242332
0.029837778,0.03702007
0.023664445,0.035413694
0.07716667,0.03834727
0.06842111,0.037181903
0.066877775,0.03128467
0.07202222,0.037693724
0.12038,0.037694193
0.028808888,0.036453154
0.08128222,0.035511166
0.06945,0.03582603
0.109062225,0.03664406
0.10854778,0.035686072
